-- MySQL dump 10.13  Distrib 8.0.31, for Win64 (x86_64)
--
-- Host: localhost    Database: fluxo
-- ------------------------------------------------------
-- Server version	5.7.36

/*!40101 SET @OLD_CHARACTER_SET_CLIENT=@@CHARACTER_SET_CLIENT */;
/*!40101 SET @OLD_CHARACTER_SET_RESULTS=@@CHARACTER_SET_RESULTS */;
/*!40101 SET @OLD_COLLATION_CONNECTION=@@COLLATION_CONNECTION */;
/*!50503 SET NAMES utf8 */;
/*!40103 SET @OLD_TIME_ZONE=@@TIME_ZONE */;
/*!40103 SET TIME_ZONE='+00:00' */;
/*!40014 SET @OLD_UNIQUE_CHECKS=@@UNIQUE_CHECKS, UNIQUE_CHECKS=0 */;
/*!40014 SET @OLD_FOREIGN_KEY_CHECKS=@@FOREIGN_KEY_CHECKS, FOREIGN_KEY_CHECKS=0 */;
/*!40101 SET @OLD_SQL_MODE=@@SQL_MODE, SQL_MODE='NO_AUTO_VALUE_ON_ZERO' */;
/*!40111 SET @OLD_SQL_NOTES=@@SQL_NOTES, SQL_NOTES=0 */;

--
-- Table structure for table `centro_custos`
--

DROP TABLE IF EXISTS `centro_custos`;
/*!40101 SET @saved_cs_client     = @@character_set_client */;
/*!50503 SET character_set_client = utf8mb4 */;
CREATE TABLE `centro_custos` (
  `id_centro_custo` int(10) unsigned NOT NULL AUTO_INCREMENT,
  `centro_custo` varchar(100) COLLATE utf8mb4_unicode_ci NOT NULL,
  `created_at` timestamp NULL DEFAULT NULL,
  `updated_at` timestamp NULL DEFAULT NULL,
  `deleted_at` timestamp NULL DEFAULT NULL,
  PRIMARY KEY (`id_centro_custo`)
) ENGINE=MyISAM AUTO_INCREMENT=6 DEFAULT CHARSET=utf8mb4 COLLATE=utf8mb4_unicode_ci;
/*!40101 SET character_set_client = @saved_cs_client */;

--
-- Dumping data for table `centro_custos`
--

LOCK TABLES `centro_custos` WRITE;
/*!40000 ALTER TABLE `centro_custos` DISABLE KEYS */;
INSERT INTO `centro_custos` VALUES (1,'Alimentação','2023-08-24 00:36:28','2023-08-24 00:36:28',NULL),(2,'Transporte','2023-08-24 00:36:28','2023-08-24 00:36:28',NULL),(3,'Proventos','2023-08-24 00:36:28','2023-08-30 23:31:44',NULL),(4,'Educação','2023-08-30 23:14:03','2023-08-30 23:14:03',NULL),(5,'aaaaaaaaaaaaaaaaaaaaaaaaaaaa','2023-08-31 00:04:11','2023-08-31 00:04:22','2023-08-31 00:04:22');
/*!40000 ALTER TABLE `centro_custos` ENABLE KEYS */;
UNLOCK TABLES;

--
-- Table structure for table `failed_jobs`
--

DROP TABLE IF EXISTS `failed_jobs`;
/*!40101 SET @saved_cs_client     = @@character_set_client */;
/*!50503 SET character_set_client = utf8mb4 */;
CREATE TABLE `failed_jobs` (
  `id` bigint(20) unsigned NOT NULL AUTO_INCREMENT,
  `uuid` varchar(191) COLLATE utf8mb4_unicode_ci NOT NULL,
  `connection` text COLLATE utf8mb4_unicode_ci NOT NULL,
  `queue` text COLLATE utf8mb4_unicode_ci NOT NULL,
  `payload` longtext COLLATE utf8mb4_unicode_ci NOT NULL,
  `exception` longtext COLLATE utf8mb4_unicode_ci NOT NULL,
  `failed_at` timestamp NOT NULL DEFAULT CURRENT_TIMESTAMP,
  PRIMARY KEY (`id`),
  UNIQUE KEY `failed_jobs_uuid_unique` (`uuid`)
) ENGINE=MyISAM DEFAULT CHARSET=utf8mb4 COLLATE=utf8mb4_unicode_ci;
/*!40101 SET character_set_client = @saved_cs_client */;

--
-- Dumping data for table `failed_jobs`
--

LOCK TABLES `failed_jobs` WRITE;
/*!40000 ALTER TABLE `failed_jobs` DISABLE KEYS */;
/*!40000 ALTER TABLE `failed_jobs` ENABLE KEYS */;
UNLOCK TABLES;

--
-- Table structure for table `lancamentos`
--

DROP TABLE IF EXISTS `lancamentos`;
/*!40101 SET @saved_cs_client     = @@character_set_client */;
/*!50503 SET character_set_client = utf8mb4 */;
CREATE TABLE `lancamentos` (
  `id_lancamento` int(10) unsigned NOT NULL AUTO_INCREMENT,
  `id_user` int(11) NOT NULL,
  `id_tipo` int(11) NOT NULL DEFAULT '1',
  `id_centro_custo` int(11) NOT NULL DEFAULT '1',
  `valor` decimal(10,2) NOT NULL DEFAULT '0.00',
  `vencimento` date DEFAULT '2023-08-23',
  `descricao` varchar(150) COLLATE utf8mb4_unicode_ci DEFAULT NULL,
  `anexo` varchar(100) COLLATE utf8mb4_unicode_ci DEFAULT NULL,
  `created_at` timestamp NULL DEFAULT NULL,
  `updated_at` timestamp NULL DEFAULT NULL,
  `deleted_at` timestamp NULL DEFAULT NULL,
  PRIMARY KEY (`id_lancamento`)
) ENGINE=MyISAM AUTO_INCREMENT=501 DEFAULT CHARSET=utf8mb4 COLLATE=utf8mb4_unicode_ci;
/*!40101 SET character_set_client = @saved_cs_client */;

--
-- Dumping data for table `lancamentos`
--

LOCK TABLES `lancamentos` WRITE;
/*!40000 ALTER TABLE `lancamentos` DISABLE KEYS */;
INSERT INTO `lancamentos` VALUES (1,3,2,3,6793.00,'2023-09-08','eos',NULL,'2023-08-24 00:53:21','2023-08-24 00:53:21',NULL),(2,10,2,1,589.00,'2023-09-18','quas',NULL,'2023-08-24 00:53:21','2023-08-24 00:53:21',NULL),(3,3,1,1,12659.00,'2024-03-13','consequatur',NULL,'2023-08-24 00:53:21','2023-08-24 00:53:21',NULL),(4,9,2,3,11345.00,'2023-12-06','praesentium',NULL,'2023-08-24 00:53:21','2023-08-24 00:53:21',NULL),(5,9,2,2,4152.00,'2023-09-07','veritatis',NULL,'2023-08-24 00:53:21','2023-08-24 00:53:21',NULL),(6,6,2,1,591.00,'2023-12-13','nemo',NULL,'2023-08-24 00:53:21','2023-08-24 00:53:21',NULL),(7,4,1,2,4371.00,'2024-02-24','ipsa',NULL,'2023-08-24 00:53:21','2023-08-24 00:53:21',NULL),(8,6,2,2,9165.00,'2024-02-05','magnam',NULL,'2023-08-24 00:53:21','2023-08-24 00:53:21',NULL),(9,2,1,1,8462.00,'2024-02-15','neque',NULL,'2023-08-24 00:53:21','2023-08-24 00:53:21',NULL),(10,7,2,1,12807.00,'2023-09-10','ea',NULL,'2023-08-24 00:53:21','2023-08-24 00:53:21',NULL),(11,5,2,3,7870.00,'2023-12-18','et',NULL,'2023-08-24 00:53:21','2023-08-24 00:53:21',NULL),(12,5,2,1,12320.00,'2023-10-21','sit',NULL,'2023-08-24 00:53:21','2023-08-24 00:53:21',NULL),(13,3,2,2,5061.00,'2023-09-06','sit',NULL,'2023-08-24 00:53:21','2023-08-24 00:53:21',NULL),(14,8,2,2,4823.00,'2023-10-22','harum',NULL,'2023-08-24 00:53:21','2023-08-24 00:53:21',NULL),(15,2,2,1,1413.00,'2023-08-30','dicta',NULL,'2023-08-24 00:53:21','2023-08-24 00:53:21',NULL),(16,10,1,3,12199.00,'2023-10-25','magnam',NULL,'2023-08-24 00:53:21','2023-08-24 00:53:21',NULL),(17,9,1,2,11487.00,'2024-02-11','ratione',NULL,'2023-08-24 00:53:21','2023-08-24 00:53:21',NULL),(18,9,2,2,5184.00,'2024-01-13','unde',NULL,'2023-08-24 00:53:21','2023-08-24 00:53:21',NULL),(19,3,1,1,2900.00,'2023-10-12','veritatis',NULL,'2023-08-24 00:53:21','2023-08-24 00:53:21',NULL),(20,4,1,2,8263.00,'2023-12-13','recusandae',NULL,'2023-08-24 00:53:21','2023-08-24 00:53:21',NULL),(21,4,1,2,11290.00,'2024-01-10','corporis',NULL,'2023-08-24 00:53:21','2023-08-24 00:53:21',NULL),(22,7,1,3,814.00,'2023-12-29','neque',NULL,'2023-08-24 00:53:21','2023-08-24 00:53:21',NULL),(23,3,1,3,4812.00,'2024-02-10','optio',NULL,'2023-08-24 00:53:21','2023-08-24 00:53:21',NULL),(24,4,2,2,7122.00,'2023-12-15','in',NULL,'2023-08-24 00:53:21','2023-08-24 00:53:21',NULL),(25,7,1,3,7248.00,'2023-12-03','molestiae',NULL,'2023-08-24 00:53:21','2023-08-24 00:53:21',NULL),(26,2,1,1,3311.00,'2023-11-05','qui',NULL,'2023-08-24 00:53:21','2023-08-24 00:53:21',NULL),(27,3,2,2,9760.00,'2024-02-28','in',NULL,'2023-08-24 00:53:21','2023-08-24 00:53:21',NULL),(28,2,2,2,792.00,'2024-03-17','odit',NULL,'2023-08-24 00:53:21','2023-08-24 00:53:21',NULL),(29,1,2,1,1173.00,'2023-10-20','minima',NULL,'2023-08-24 00:53:21','2023-08-24 00:53:21',NULL),(30,8,2,1,4488.00,'2023-11-03','laudantium',NULL,'2023-08-24 00:53:21','2023-08-24 00:53:21',NULL),(31,3,2,3,8141.00,'2023-10-18','alias',NULL,'2023-08-24 00:53:21','2023-08-24 00:53:21',NULL),(32,4,1,1,5245.00,'2023-09-17','non',NULL,'2023-08-24 00:53:21','2023-08-24 00:53:21',NULL),(33,3,1,3,2147.00,'2023-12-14','temporibus',NULL,'2023-08-24 00:53:21','2023-08-24 00:53:21',NULL),(34,7,2,3,637.00,'2024-03-13','omnis',NULL,'2023-08-24 00:53:21','2023-08-24 00:53:21',NULL),(35,9,1,2,7344.00,'2023-10-09','ab',NULL,'2023-08-24 00:53:21','2023-08-24 00:53:21',NULL),(36,1,2,3,5586.00,'2023-11-24','sit',NULL,'2023-08-24 00:53:21','2023-08-24 00:53:21',NULL),(37,10,2,2,820.00,'2024-02-15','dolor',NULL,'2023-08-24 00:53:21','2023-08-24 00:53:21',NULL),(38,1,1,3,11449.00,'2023-09-22','quae',NULL,'2023-08-24 00:53:21','2023-08-24 00:53:21',NULL),(39,1,1,2,4679.00,'2023-12-30','voluptas',NULL,'2023-08-24 00:53:21','2023-08-24 00:53:21',NULL),(40,8,1,2,13185.00,'2023-11-01','totam',NULL,'2023-08-24 00:53:21','2023-08-24 00:53:21',NULL),(41,5,2,2,5496.00,'2024-01-21','minus',NULL,'2023-08-24 00:53:21','2023-08-24 00:53:21',NULL),(42,4,1,2,2677.00,'2024-03-10','aut',NULL,'2023-08-24 00:53:21','2023-08-24 00:53:21',NULL),(43,4,2,2,3272.00,'2024-02-14','quia',NULL,'2023-08-24 00:53:21','2023-08-24 00:53:21',NULL),(44,5,1,2,6712.00,'2023-12-27','illum',NULL,'2023-08-24 00:53:21','2023-08-24 00:53:21',NULL),(45,10,1,2,10403.00,'2023-12-30','iure',NULL,'2023-08-24 00:53:21','2023-08-24 00:53:21',NULL),(46,6,2,3,10188.00,'2024-02-25','rerum',NULL,'2023-08-24 00:53:21','2023-08-24 00:53:21',NULL),(47,6,1,1,8013.00,'2024-01-18','sapiente',NULL,'2023-08-24 00:53:21','2023-08-24 00:53:21',NULL),(48,10,2,2,120.00,'2023-11-14','fuga',NULL,'2023-08-24 00:53:21','2023-08-24 00:53:21',NULL),(49,10,1,3,550.00,'2023-11-24','tempore',NULL,'2023-08-24 00:53:21','2023-08-24 00:53:21',NULL),(50,10,1,1,2397.00,'2023-10-06','blanditiis',NULL,'2023-08-24 00:53:21','2023-08-24 00:53:21',NULL),(51,9,2,2,2868.00,'2024-01-28','quia',NULL,'2023-08-24 00:53:43','2023-08-24 00:53:43',NULL),(52,9,1,2,10115.00,'2024-03-12','consequatur',NULL,'2023-08-24 00:53:43','2023-08-24 00:53:43',NULL),(53,8,2,1,4882.00,'2024-01-25','nihil',NULL,'2023-08-24 00:53:43','2023-08-24 00:53:43',NULL),(54,9,1,3,2410.00,'2024-02-28','dolorem',NULL,'2023-08-24 00:53:43','2023-08-24 00:53:43',NULL),(55,2,1,1,9663.00,'2023-09-17','et',NULL,'2023-08-24 00:53:43','2023-08-24 00:53:43',NULL),(56,9,2,2,7155.00,'2024-01-27','voluptatibus',NULL,'2023-08-24 00:53:43','2023-08-24 00:53:43',NULL),(57,1,2,1,3030.00,'2023-10-12','laudantium',NULL,'2023-08-24 00:53:43','2023-08-24 00:53:43',NULL),(58,10,1,1,10186.00,'2024-03-07','sed',NULL,'2023-08-24 00:53:43','2023-08-24 00:53:43',NULL),(59,5,1,3,5332.00,'2023-11-15','minima',NULL,'2023-08-24 00:53:43','2023-08-24 00:53:43',NULL),(60,1,1,2,3783.00,'2024-03-03','perspiciatis',NULL,'2023-08-24 00:53:43','2023-08-24 00:53:43',NULL),(61,10,2,2,1275.00,'2024-01-05','reiciendis',NULL,'2023-08-24 00:53:43','2023-08-24 00:53:43',NULL),(62,3,1,2,11563.00,'2024-03-10','molestiae',NULL,'2023-08-24 00:53:43','2023-08-24 00:53:43',NULL),(63,2,1,1,8704.00,'2023-12-13','quia',NULL,'2023-08-24 00:53:43','2023-08-24 00:53:43',NULL),(64,8,2,2,10355.00,'2023-11-02','illum',NULL,'2023-08-24 00:53:43','2023-08-24 00:53:43',NULL),(65,1,2,2,2302.00,'2023-08-28','fugit',NULL,'2023-08-24 00:53:43','2023-08-24 00:53:43',NULL),(66,10,1,2,8932.00,'2024-02-18','laboriosam',NULL,'2023-08-24 00:53:43','2023-08-24 00:53:43',NULL),(67,5,2,1,4748.00,'2024-01-18','exercitationem',NULL,'2023-08-24 00:53:43','2023-08-24 00:53:43',NULL),(68,4,1,2,5739.00,'2023-11-06','corrupti',NULL,'2023-08-24 00:53:43','2023-08-24 00:53:43',NULL),(69,6,1,3,5559.00,'2024-03-07','accusantium',NULL,'2023-08-24 00:53:43','2023-08-24 00:53:43',NULL),(70,7,1,3,2056.00,'2023-10-10','accusantium',NULL,'2023-08-24 00:53:43','2023-08-24 00:53:43',NULL),(71,9,2,2,12621.00,'2023-10-19','maxime',NULL,'2023-08-24 00:53:43','2023-08-24 00:53:43',NULL),(72,5,1,2,6240.00,'2024-01-16','reiciendis',NULL,'2023-08-24 00:53:43','2023-08-24 00:53:43',NULL),(73,5,1,1,10851.00,'2023-11-29','sit',NULL,'2023-08-24 00:53:43','2023-08-24 00:53:43',NULL),(74,8,1,2,5518.00,'2024-03-14','excepturi',NULL,'2023-08-24 00:53:43','2023-08-24 00:53:43',NULL),(75,8,1,2,12536.00,'2023-09-08','et',NULL,'2023-08-24 00:53:43','2023-08-24 00:53:43',NULL),(76,1,1,2,9404.00,'2024-02-04','sit',NULL,'2023-08-24 00:53:43','2023-08-24 00:53:43',NULL),(77,4,1,1,4681.00,'2023-11-13','incidunt',NULL,'2023-08-24 00:53:43','2023-08-24 00:53:43',NULL),(78,4,1,2,7019.00,'2023-10-08','rem',NULL,'2023-08-24 00:53:43','2023-08-24 00:53:43',NULL),(79,10,1,1,9253.00,'2024-01-18','architecto',NULL,'2023-08-24 00:53:43','2023-08-24 00:53:43',NULL),(80,1,1,1,5289.00,'2024-02-24','sed',NULL,'2023-08-24 00:53:43','2023-08-24 00:53:43',NULL),(81,3,1,1,9353.00,'2024-01-07','voluptas',NULL,'2023-08-24 00:53:43','2023-08-24 00:53:43',NULL),(82,6,2,3,7630.00,'2023-09-14','voluptates',NULL,'2023-08-24 00:53:43','2023-08-24 00:53:43',NULL),(83,3,2,1,11795.00,'2024-01-31','magnam',NULL,'2023-08-24 00:53:43','2023-08-24 00:53:43',NULL),(84,7,1,2,9319.00,'2023-12-09','quos',NULL,'2023-08-24 00:53:43','2023-08-24 00:53:43',NULL),(85,10,2,2,11624.00,'2024-03-14','sed',NULL,'2023-08-24 00:53:43','2023-08-24 00:53:43',NULL),(86,8,1,3,11909.00,'2023-09-11','in',NULL,'2023-08-24 00:53:43','2023-08-24 00:53:43',NULL),(87,2,2,2,5147.00,'2024-03-07','amet',NULL,'2023-08-24 00:53:43','2023-08-24 00:53:43',NULL),(88,6,2,2,8722.00,'2024-02-15','non',NULL,'2023-08-24 00:53:43','2023-08-24 00:53:43',NULL),(89,5,1,3,236.00,'2024-02-02','et',NULL,'2023-08-24 00:53:43','2023-08-24 00:53:43',NULL),(90,7,1,1,5384.00,'2024-01-19','dolore',NULL,'2023-08-24 00:53:43','2023-08-24 00:53:43',NULL),(91,9,2,2,3488.00,'2023-10-19','laboriosam',NULL,'2023-08-24 00:53:43','2023-08-24 00:53:43',NULL),(92,10,1,1,1229.00,'2023-09-20','beatae',NULL,'2023-08-24 00:53:43','2023-08-24 00:53:43',NULL),(93,3,1,2,10530.00,'2023-10-02','rerum',NULL,'2023-08-24 00:53:43','2023-08-24 00:53:43',NULL),(94,8,2,1,4020.00,'2023-09-09','qui',NULL,'2023-08-24 00:53:43','2023-08-24 00:53:43',NULL),(95,10,1,2,5197.00,'2023-10-13','quas',NULL,'2023-08-24 00:53:43','2023-08-24 00:53:43',NULL),(96,10,1,1,12774.00,'2024-03-17','id',NULL,'2023-08-24 00:53:43','2023-08-24 00:53:43',NULL),(97,5,1,2,12378.00,'2024-03-09','aut',NULL,'2023-08-24 00:53:43','2023-08-24 00:53:43',NULL),(98,10,2,2,7156.00,'2023-09-27','est',NULL,'2023-08-24 00:53:43','2023-08-24 00:53:43',NULL),(99,2,2,1,2878.00,'2024-02-07','assumenda',NULL,'2023-08-24 00:53:43','2023-08-24 00:53:43',NULL),(100,6,2,1,8465.00,'2023-10-02','officia',NULL,'2023-08-24 00:53:43','2023-08-24 00:53:43',NULL),(101,2,2,2,6792.00,'2023-09-19','occaecati',NULL,'2023-08-24 00:53:45','2023-08-24 00:53:45',NULL),(102,7,2,3,4597.00,'2023-08-27','cumque',NULL,'2023-08-24 00:53:45','2023-08-24 00:53:45',NULL),(103,5,1,1,7009.00,'2023-12-09','porro',NULL,'2023-08-24 00:53:45','2023-08-24 00:53:45',NULL),(104,7,1,3,9459.00,'2023-09-13','consequatur',NULL,'2023-08-24 00:53:45','2023-08-24 00:53:45',NULL),(105,4,1,2,1587.00,'2024-01-25','fuga',NULL,'2023-08-24 00:53:45','2023-08-24 00:53:45',NULL),(106,9,2,3,8391.00,'2023-11-06','omnis',NULL,'2023-08-24 00:53:45','2023-08-24 00:53:45',NULL),(107,9,2,2,10257.00,'2024-01-05','ut',NULL,'2023-08-24 00:53:45','2023-08-24 00:53:45',NULL),(108,1,2,2,2139.00,'2024-01-02','aut',NULL,'2023-08-24 00:53:45','2023-08-24 00:53:45',NULL),(109,4,2,3,2799.00,'2024-01-18','ratione',NULL,'2023-08-24 00:53:45','2023-08-24 00:53:45',NULL),(110,8,2,2,7242.00,'2023-11-04','aspernatur',NULL,'2023-08-24 00:53:45','2023-08-24 00:53:45',NULL),(111,4,1,2,8731.00,'2024-02-28','expedita',NULL,'2023-08-24 00:53:45','2023-08-24 00:53:45',NULL),(112,10,2,2,1751.00,'2023-11-25','vitae',NULL,'2023-08-24 00:53:45','2023-08-24 00:53:45',NULL),(113,5,1,2,11915.00,'2024-03-14','eos',NULL,'2023-08-24 00:53:45','2023-08-24 00:53:45',NULL),(114,6,1,3,10245.00,'2023-09-17','quia',NULL,'2023-08-24 00:53:45','2023-08-24 00:53:45',NULL),(115,9,1,3,7465.00,'2023-11-23','quis',NULL,'2023-08-24 00:53:45','2023-08-24 00:53:45',NULL),(116,1,2,1,11499.00,'2024-01-25','rerum',NULL,'2023-08-24 00:53:45','2023-08-24 00:53:45',NULL),(117,8,1,3,5674.00,'2023-12-13','saepe',NULL,'2023-08-24 00:53:45','2023-08-24 00:53:45',NULL),(118,5,2,3,10509.00,'2024-01-05','possimus',NULL,'2023-08-24 00:53:45','2023-08-24 00:53:45',NULL),(119,7,1,3,5406.00,'2023-10-14','laboriosam',NULL,'2023-08-24 00:53:45','2023-08-24 00:53:45',NULL),(120,10,1,3,9887.00,'2024-02-19','hic',NULL,'2023-08-24 00:53:45','2023-08-24 00:53:45',NULL),(121,6,1,3,7566.00,'2023-12-19','sunt',NULL,'2023-08-24 00:53:45','2023-08-24 00:53:45',NULL),(122,10,1,3,12973.00,'2023-08-26','consequatur',NULL,'2023-08-24 00:53:45','2023-08-24 00:53:45',NULL),(123,3,1,3,8086.00,'2023-10-05','excepturi',NULL,'2023-08-24 00:53:45','2023-08-24 00:53:45',NULL),(124,6,1,1,2863.00,'2023-12-16','porro',NULL,'2023-08-24 00:53:45','2023-08-24 00:53:45',NULL),(125,7,1,2,5764.00,'2023-12-21','eveniet',NULL,'2023-08-24 00:53:45','2023-08-24 00:53:45',NULL),(126,5,1,2,6173.00,'2023-12-07','rerum',NULL,'2023-08-24 00:53:45','2023-08-24 00:53:45',NULL),(127,9,2,1,6787.00,'2024-01-20','aut',NULL,'2023-08-24 00:53:45','2023-08-24 00:53:45',NULL),(128,2,2,2,6628.00,'2023-10-26','eaque',NULL,'2023-08-24 00:53:45','2023-08-24 00:53:45',NULL),(129,8,2,3,11013.00,'2023-08-26','sit',NULL,'2023-08-24 00:53:45','2023-08-24 00:53:45',NULL),(130,1,2,2,1312.00,'2023-09-21','similique',NULL,'2023-08-24 00:53:45','2023-08-24 00:53:45',NULL),(131,6,1,3,13420.00,'2024-01-04','deleniti',NULL,'2023-08-24 00:53:45','2023-08-24 00:53:45',NULL),(132,10,1,3,7446.00,'2023-12-26','in',NULL,'2023-08-24 00:53:45','2023-08-24 00:53:45',NULL),(133,8,1,1,5841.00,'2024-02-20','eligendi',NULL,'2023-08-24 00:53:45','2023-08-24 00:53:45',NULL),(134,2,2,3,11492.00,'2024-02-09','ab',NULL,'2023-08-24 00:53:45','2023-08-24 00:53:45',NULL),(135,2,1,3,7703.00,'2023-09-23','illum',NULL,'2023-08-24 00:53:45','2023-08-24 00:53:45',NULL),(136,1,1,1,6271.00,'2023-11-11','consequuntur',NULL,'2023-08-24 00:53:45','2023-08-24 00:53:45',NULL),(137,8,1,2,4310.00,'2023-09-23','quia',NULL,'2023-08-24 00:53:45','2023-08-24 00:53:45',NULL),(138,6,2,3,8333.00,'2024-01-05','est',NULL,'2023-08-24 00:53:45','2023-08-24 00:53:45',NULL),(139,3,2,3,10852.00,'2023-11-02','earum',NULL,'2023-08-24 00:53:45','2023-08-24 00:53:45',NULL),(140,3,1,2,9834.00,'2023-09-13','consequatur',NULL,'2023-08-24 00:53:45','2023-08-24 00:53:45',NULL),(141,3,2,1,3074.00,'2023-09-06','est',NULL,'2023-08-24 00:53:45','2023-08-24 00:53:45',NULL),(142,10,2,3,1778.00,'2023-12-27','culpa',NULL,'2023-08-24 00:53:45','2023-08-24 00:53:45',NULL),(143,7,1,1,326.00,'2023-11-06','est',NULL,'2023-08-24 00:53:45','2023-08-24 00:53:45',NULL),(144,2,2,2,12371.00,'2024-03-02','voluptatem',NULL,'2023-08-24 00:53:45','2023-08-24 00:53:45',NULL),(145,8,2,2,3872.00,'2023-12-07','id',NULL,'2023-08-24 00:53:45','2023-08-24 00:53:45',NULL),(146,4,2,1,4241.00,'2023-12-23','sed',NULL,'2023-08-24 00:53:45','2023-08-24 00:53:45',NULL),(147,5,2,3,1343.00,'2023-09-18','ex',NULL,'2023-08-24 00:53:45','2023-08-24 00:53:45',NULL),(148,10,1,3,9967.00,'2023-12-02','dolores',NULL,'2023-08-24 00:53:45','2023-08-24 00:53:45',NULL),(149,7,2,1,1410.00,'2024-02-04','assumenda',NULL,'2023-08-24 00:53:45','2023-08-24 00:53:45',NULL),(150,5,2,2,10305.00,'2024-02-15','consequuntur',NULL,'2023-08-24 00:53:45','2023-08-24 00:53:45',NULL),(151,1,2,2,1794.00,'2023-10-24','fuga',NULL,'2023-08-24 00:53:46','2023-08-24 00:53:46',NULL),(152,6,2,1,2555.00,'2024-02-13','nam',NULL,'2023-08-24 00:53:46','2023-08-24 00:53:46',NULL),(153,1,1,1,10606.00,'2024-03-04','nihil',NULL,'2023-08-24 00:53:46','2023-08-24 00:53:46',NULL),(154,5,2,1,6960.00,'2023-12-29','iusto',NULL,'2023-08-24 00:53:46','2023-08-24 00:53:46',NULL),(155,9,1,1,5102.00,'2024-02-13','unde',NULL,'2023-08-24 00:53:46','2023-08-24 00:53:46',NULL),(156,6,2,1,11454.00,'2023-09-05','assumenda',NULL,'2023-08-24 00:53:46','2023-08-24 00:53:46',NULL),(157,10,1,1,1478.00,'2023-12-13','quidem',NULL,'2023-08-24 00:53:46','2023-08-24 00:53:46',NULL),(158,8,2,1,12735.00,'2023-09-30','quo',NULL,'2023-08-24 00:53:46','2023-08-24 00:53:46',NULL),(159,9,1,1,4833.00,'2024-03-17','consequuntur',NULL,'2023-08-24 00:53:46','2023-08-24 00:53:46',NULL),(160,1,2,3,1067.00,'2024-03-06','quo',NULL,'2023-08-24 00:53:46','2023-08-24 00:53:46',NULL),(161,4,1,2,4265.00,'2024-01-23','accusamus',NULL,'2023-08-24 00:53:46','2023-08-24 00:53:46',NULL),(162,4,1,1,212.00,'2023-09-06','qui',NULL,'2023-08-24 00:53:46','2023-08-24 00:53:46',NULL),(163,3,2,1,3562.00,'2024-02-15','magni',NULL,'2023-08-24 00:53:46','2023-08-24 00:53:46',NULL),(164,5,1,3,7488.00,'2024-02-08','praesentium',NULL,'2023-08-24 00:53:46','2023-08-24 00:53:46',NULL),(165,9,1,3,49.00,'2023-08-24','eos',NULL,'2023-08-24 00:53:46','2023-08-24 00:53:46',NULL),(166,1,2,3,8490.00,'2024-02-27','illo',NULL,'2023-08-24 00:53:46','2023-08-24 00:53:46',NULL),(167,6,1,2,8489.00,'2024-01-28','commodi',NULL,'2023-08-24 00:53:46','2023-08-24 00:53:46',NULL),(168,1,2,1,7692.00,'2024-02-09','neque',NULL,'2023-08-24 00:53:46','2023-08-24 00:53:46',NULL),(169,6,2,3,9843.00,'2024-01-19','consequatur',NULL,'2023-08-24 00:53:46','2023-08-24 00:53:46',NULL),(170,6,1,1,9097.00,'2024-02-26','optio',NULL,'2023-08-24 00:53:46','2023-08-24 00:53:46',NULL),(171,2,1,2,7359.00,'2023-12-21','minus',NULL,'2023-08-24 00:53:46','2023-08-24 00:53:46',NULL),(172,3,2,2,2504.00,'2023-09-30','quia',NULL,'2023-08-24 00:53:46','2023-08-24 00:53:46',NULL),(173,5,1,3,121.00,'2023-10-19','voluptas',NULL,'2023-08-24 00:53:46','2023-08-24 00:53:46',NULL),(174,7,1,3,7358.00,'2023-10-10','ut',NULL,'2023-08-24 00:53:46','2023-08-24 00:53:46',NULL),(175,7,1,3,447.00,'2023-12-25','doloribus',NULL,'2023-08-24 00:53:46','2023-08-24 00:53:46',NULL),(176,6,2,3,713.00,'2023-09-11','aperiam',NULL,'2023-08-24 00:53:46','2023-08-24 00:53:46',NULL),(177,7,2,2,9762.00,'2023-09-02','corrupti',NULL,'2023-08-24 00:53:46','2023-08-24 00:53:46',NULL),(178,9,2,3,3933.00,'2023-09-11','esse',NULL,'2023-08-24 00:53:46','2023-08-24 00:53:46',NULL),(179,3,1,3,2552.00,'2023-11-22','sit',NULL,'2023-08-24 00:53:46','2023-08-24 00:53:46',NULL),(180,7,2,2,7050.00,'2023-10-07','ad',NULL,'2023-08-24 00:53:46','2023-08-24 00:53:46',NULL),(181,3,1,1,12767.00,'2023-10-29','autem',NULL,'2023-08-24 00:53:46','2023-08-24 00:53:46',NULL),(182,8,2,1,2732.00,'2023-10-18','doloremque',NULL,'2023-08-24 00:53:46','2023-08-24 00:53:46',NULL),(183,4,1,3,8423.00,'2023-10-13','reiciendis',NULL,'2023-08-24 00:53:46','2023-08-24 00:53:46',NULL),(184,10,2,2,6631.00,'2024-02-19','fuga',NULL,'2023-08-24 00:53:46','2023-08-24 00:53:46',NULL),(185,7,2,3,6009.00,'2023-12-27','sunt',NULL,'2023-08-24 00:53:46','2023-08-24 00:53:46',NULL),(186,2,1,2,521.00,'2023-12-22','explicabo',NULL,'2023-08-24 00:53:46','2023-08-24 00:53:46',NULL),(187,2,2,1,12612.00,'2023-12-18','numquam',NULL,'2023-08-24 00:53:46','2023-08-24 00:53:46',NULL),(188,1,2,3,11814.00,'2024-01-30','dolorem',NULL,'2023-08-24 00:53:46','2023-08-24 00:53:46',NULL),(189,5,1,1,10056.00,'2024-03-08','voluptas',NULL,'2023-08-24 00:53:46','2023-08-24 00:53:46',NULL),(190,5,2,3,11153.00,'2023-10-07','consequatur',NULL,'2023-08-24 00:53:46','2023-08-24 00:53:46',NULL),(191,5,1,1,9318.00,'2024-02-14','eaque',NULL,'2023-08-24 00:53:46','2023-08-24 00:53:46',NULL),(192,4,2,3,1102.00,'2024-03-09','repudiandae',NULL,'2023-08-24 00:53:46','2023-08-24 00:53:46',NULL),(193,7,2,1,10093.00,'2024-01-05','et',NULL,'2023-08-24 00:53:46','2023-08-24 00:53:46',NULL),(194,10,1,2,1346.00,'2023-11-26','rerum',NULL,'2023-08-24 00:53:46','2023-08-24 00:53:46',NULL),(195,4,1,1,13372.00,'2023-09-05','sed',NULL,'2023-08-24 00:53:46','2023-08-24 00:53:46',NULL),(196,1,1,2,6433.00,'2023-08-24','doloribus',NULL,'2023-08-24 00:53:46','2023-08-24 00:53:46',NULL),(197,3,1,2,7175.00,'2023-09-13','nobis',NULL,'2023-08-24 00:53:46','2023-08-24 00:53:46',NULL),(198,7,2,2,840.00,'2024-02-20','ut',NULL,'2023-08-24 00:53:46','2023-08-24 00:53:46',NULL),(199,4,2,1,4155.00,'2023-12-21','autem',NULL,'2023-08-24 00:53:46','2023-08-24 00:53:46',NULL),(200,4,1,1,1330.00,'2024-03-02','cum',NULL,'2023-08-24 00:53:46','2023-08-24 00:53:46',NULL),(201,3,2,1,4827.00,'2023-10-18','omnis',NULL,'2023-08-29 01:13:33','2023-08-29 01:13:33',NULL),(202,9,1,3,11123.00,'2023-08-28','magni',NULL,'2023-08-29 01:13:33','2023-08-29 01:13:33',NULL),(203,8,1,1,13359.00,'2024-01-10','dolor',NULL,'2023-08-29 01:13:33','2023-08-29 01:13:33',NULL),(204,3,1,1,12901.00,'2023-12-03','nesciunt',NULL,'2023-08-29 01:13:33','2023-08-29 01:13:33',NULL),(205,6,1,1,13156.00,'2023-10-12','ut',NULL,'2023-08-29 01:13:33','2023-08-29 01:13:33',NULL),(206,8,2,2,114.00,'2024-01-06','doloribus',NULL,'2023-08-29 01:13:33','2023-08-29 01:13:33',NULL),(207,7,2,1,3285.00,'2024-01-23','quasi',NULL,'2023-08-29 01:13:33','2023-08-29 01:13:33',NULL),(208,4,2,3,605.00,'2023-09-20','quaerat',NULL,'2023-08-29 01:13:33','2023-08-29 01:13:33',NULL),(209,5,2,2,2369.00,'2023-10-11','ducimus',NULL,'2023-08-29 01:13:33','2023-08-29 01:13:33',NULL),(210,7,2,2,3229.00,'2024-03-18','soluta',NULL,'2023-08-29 01:13:33','2023-08-29 01:13:33',NULL),(211,3,1,1,11575.00,'2023-10-06','totam',NULL,'2023-08-29 01:13:33','2023-08-29 01:13:33',NULL),(212,6,2,1,11538.00,'2023-11-26','hic',NULL,'2023-08-29 01:13:33','2023-08-29 01:13:33',NULL),(213,8,1,3,13044.00,'2023-08-29','voluptas',NULL,'2023-08-29 01:13:33','2023-08-29 01:13:33',NULL),(214,1,1,3,10870.00,'2023-10-22','et',NULL,'2023-08-29 01:13:33','2023-08-29 01:13:33',NULL),(215,1,1,3,12573.00,'2023-11-04','qui',NULL,'2023-08-29 01:13:33','2023-08-29 01:13:33',NULL),(216,7,1,1,8818.00,'2023-09-06','itaque',NULL,'2023-08-29 01:13:33','2023-08-29 01:13:33',NULL),(217,4,1,2,10091.00,'2023-12-20','dolorem',NULL,'2023-08-29 01:13:33','2023-08-29 01:13:33',NULL),(218,3,2,1,4033.00,'2024-02-04','modi',NULL,'2023-08-29 01:13:33','2023-08-29 01:13:33',NULL),(219,9,2,3,9142.00,'2024-03-03','consequatur',NULL,'2023-08-29 01:13:33','2023-08-29 01:13:33',NULL),(220,4,2,1,10973.00,'2023-09-16','sunt',NULL,'2023-08-29 01:13:33','2023-08-29 01:13:33',NULL),(221,10,1,3,10724.00,'2023-12-03','asperiores',NULL,'2023-08-29 01:13:33','2023-08-29 01:13:33',NULL),(222,1,2,2,10680.00,'2023-12-06','mollitia',NULL,'2023-08-29 01:13:33','2023-08-29 01:13:33',NULL),(223,7,1,3,2915.00,'2023-12-18','ipsa',NULL,'2023-08-29 01:13:33','2023-08-29 01:13:33',NULL),(224,5,2,3,8524.00,'2023-10-11','necessitatibus',NULL,'2023-08-29 01:13:33','2023-08-29 01:13:33',NULL),(225,3,2,2,12695.00,'2024-01-03','voluptatem',NULL,'2023-08-29 01:13:33','2023-08-29 01:13:33',NULL),(226,2,1,1,7342.00,'2023-10-23','nobis',NULL,'2023-08-29 01:13:33','2023-08-29 01:13:33',NULL),(227,7,1,1,7113.00,'2023-09-05','eum',NULL,'2023-08-29 01:13:33','2023-08-29 01:13:33',NULL),(228,3,2,3,13306.00,'2023-09-22','omnis',NULL,'2023-08-29 01:13:33','2023-08-29 01:13:33',NULL),(229,3,2,3,11345.00,'2023-11-18','quam',NULL,'2023-08-29 01:13:33','2023-08-29 01:13:33',NULL),(230,6,1,2,5052.00,'2024-03-22','est',NULL,'2023-08-29 01:13:33','2023-08-29 01:13:33',NULL),(231,4,2,1,1510.00,'2023-09-28','eaque',NULL,'2023-08-29 01:13:33','2023-08-29 01:13:33',NULL),(232,6,1,3,6877.00,'2024-02-25','quisquam',NULL,'2023-08-29 01:13:33','2023-08-29 01:13:33',NULL),(233,2,2,2,3749.00,'2023-11-22','sed',NULL,'2023-08-29 01:13:33','2023-08-29 01:13:33',NULL),(234,9,2,1,9269.00,'2023-09-25','debitis',NULL,'2023-08-29 01:13:33','2023-08-29 01:13:33',NULL),(235,2,2,2,1431.00,'2024-03-08','totam',NULL,'2023-08-29 01:13:33','2023-08-29 01:13:33',NULL),(236,9,2,1,3.00,'2024-01-11','eum',NULL,'2023-08-29 01:13:33','2023-08-29 01:13:33',NULL),(237,10,1,1,6828.00,'2023-11-27','ut',NULL,'2023-08-29 01:13:33','2023-08-29 01:13:33',NULL),(238,4,2,3,10657.00,'2024-01-24','alias',NULL,'2023-08-29 01:13:33','2023-08-29 01:13:33',NULL),(239,3,2,3,10725.00,'2023-12-19','voluptatem',NULL,'2023-08-29 01:13:33','2023-08-29 01:13:33',NULL),(240,8,1,1,6230.00,'2023-09-05','sunt',NULL,'2023-08-29 01:13:33','2023-08-29 01:13:33',NULL),(241,8,1,3,5183.00,'2024-02-19','iste',NULL,'2023-08-29 01:13:33','2023-08-29 01:13:33',NULL),(242,2,1,3,1405.00,'2023-11-05','debitis',NULL,'2023-08-29 01:13:33','2023-08-29 01:13:33',NULL),(243,5,2,2,3542.00,'2023-10-03','nemo',NULL,'2023-08-29 01:13:33','2023-08-29 01:13:33',NULL),(244,7,1,2,6751.00,'2023-12-13','sit',NULL,'2023-08-29 01:13:33','2023-08-29 01:13:33',NULL),(245,6,1,2,5564.00,'2024-03-01','veritatis',NULL,'2023-08-29 01:13:33','2023-08-29 01:13:33',NULL),(246,6,1,2,2444.00,'2024-01-20','id',NULL,'2023-08-29 01:13:33','2023-08-29 01:13:33',NULL),(247,1,1,1,12920.00,'2024-02-27','nam',NULL,'2023-08-29 01:13:33','2023-08-29 01:13:33',NULL),(248,9,1,1,12093.00,'2024-02-22','nemo',NULL,'2023-08-29 01:13:33','2023-08-29 01:13:33',NULL),(249,7,1,1,9401.00,'2024-03-22','aut',NULL,'2023-08-29 01:13:33','2023-08-29 01:13:33',NULL),(250,7,1,2,3858.00,'2023-11-05','ducimus',NULL,'2023-08-29 01:13:33','2023-08-29 01:13:33',NULL),(251,4,2,2,8718.00,'2023-09-21','dolor',NULL,'2023-08-29 01:13:48','2023-08-29 01:13:48',NULL),(252,3,2,1,9344.00,'2024-03-13','ut',NULL,'2023-08-29 01:13:48','2023-08-29 01:13:48',NULL),(253,10,2,3,2812.00,'2023-12-10','eaque',NULL,'2023-08-29 01:13:48','2023-08-29 01:13:48',NULL),(254,4,2,2,13142.00,'2024-03-18','aut',NULL,'2023-08-29 01:13:48','2023-08-29 01:13:48',NULL),(255,9,2,1,2701.00,'2024-02-02','inventore',NULL,'2023-08-29 01:13:48','2023-08-29 01:13:48',NULL),(256,6,1,1,1457.00,'2024-03-17','sequi',NULL,'2023-08-29 01:13:48','2023-08-29 01:13:48',NULL),(257,2,2,3,6137.00,'2023-10-26','similique',NULL,'2023-08-29 01:13:48','2023-08-29 01:13:48',NULL),(258,3,2,3,7389.00,'2023-08-29','qui',NULL,'2023-08-29 01:13:48','2023-08-29 01:13:48',NULL),(259,10,1,2,3411.00,'2024-02-27','necessitatibus',NULL,'2023-08-29 01:13:48','2023-08-29 01:13:48',NULL),(260,10,1,1,946.00,'2024-02-04','quibusdam',NULL,'2023-08-29 01:13:48','2023-08-29 01:13:48',NULL),(261,5,2,3,1049.00,'2023-09-01','rem',NULL,'2023-08-29 01:13:48','2023-08-29 01:13:48',NULL),(262,5,2,1,152.00,'2024-03-11','culpa',NULL,'2023-08-29 01:13:48','2023-08-29 01:13:48',NULL),(263,4,1,2,11566.00,'2024-01-13','nesciunt',NULL,'2023-08-29 01:13:48','2023-08-29 01:13:48',NULL),(264,9,2,1,5721.00,'2023-11-22','magnam',NULL,'2023-08-29 01:13:48','2023-08-29 01:13:48',NULL),(265,1,1,3,2358.00,'2024-02-16','cupiditate',NULL,'2023-08-29 01:13:48','2023-08-29 01:13:48',NULL),(266,9,1,2,4911.00,'2023-11-23','magnam',NULL,'2023-08-29 01:13:48','2023-08-29 01:13:48',NULL),(267,8,1,3,8525.00,'2024-02-21','nobis',NULL,'2023-08-29 01:13:48','2023-08-29 01:13:48',NULL),(268,3,2,2,3792.00,'2023-11-06','illo',NULL,'2023-08-29 01:13:48','2023-08-29 01:13:48',NULL),(269,9,1,2,6669.00,'2023-09-08','voluptatum',NULL,'2023-08-29 01:13:48','2023-08-29 01:13:48',NULL),(270,8,1,1,12432.00,'2024-02-11','laudantium',NULL,'2023-08-29 01:13:48','2023-08-29 01:13:48',NULL),(271,1,2,3,12186.00,'2024-03-03','velit',NULL,'2023-08-29 01:13:48','2023-08-29 01:13:48',NULL),(272,2,2,2,1439.00,'2024-01-29','alias',NULL,'2023-08-29 01:13:48','2023-08-29 01:13:48',NULL),(273,3,2,2,12098.00,'2023-11-12','provident',NULL,'2023-08-29 01:13:48','2023-08-29 01:13:48',NULL),(274,3,2,3,6726.00,'2024-01-13','qui',NULL,'2023-08-29 01:13:48','2023-08-29 01:13:48',NULL),(275,8,1,3,1631.00,'2023-11-29','quam',NULL,'2023-08-29 01:13:48','2023-08-29 01:13:48',NULL),(276,1,1,3,3823.00,'2023-12-05','sit',NULL,'2023-08-29 01:13:48','2023-08-29 01:13:48',NULL),(277,1,1,2,11816.00,'2023-10-22','dolorum',NULL,'2023-08-29 01:13:48','2023-08-29 01:13:48',NULL),(278,10,1,2,10627.00,'2024-01-20','ducimus',NULL,'2023-08-29 01:13:48','2023-08-29 01:13:48',NULL),(279,1,1,1,10970.00,'2024-01-18','iusto',NULL,'2023-08-29 01:13:48','2023-08-29 01:13:48',NULL),(280,7,1,3,7301.00,'2024-02-27','magni',NULL,'2023-08-29 01:13:48','2023-08-29 01:13:48',NULL),(281,2,2,3,148.00,'2023-10-29','et',NULL,'2023-08-29 01:13:48','2023-08-29 01:13:48',NULL),(282,5,2,1,578.00,'2024-03-11','maiores',NULL,'2023-08-29 01:13:48','2023-08-29 01:13:48',NULL),(283,8,2,1,7601.00,'2024-03-06','nobis',NULL,'2023-08-29 01:13:48','2023-08-29 01:13:48',NULL),(284,4,1,2,11132.00,'2024-01-06','quam',NULL,'2023-08-29 01:13:48','2023-08-29 01:13:48',NULL),(285,9,1,3,4848.00,'2023-11-02','ut',NULL,'2023-08-29 01:13:48','2023-08-29 01:13:48',NULL),(286,10,1,3,6998.00,'2023-12-19','rem',NULL,'2023-08-29 01:13:48','2023-08-29 01:13:48',NULL),(287,4,2,2,649.00,'2024-02-01','ut',NULL,'2023-08-29 01:13:48','2023-08-29 01:13:48',NULL),(288,8,1,3,4491.00,'2024-02-22','saepe',NULL,'2023-08-29 01:13:48','2023-08-29 01:13:48',NULL),(289,9,2,1,13125.00,'2024-02-10','quidem',NULL,'2023-08-29 01:13:48','2023-08-29 01:13:48',NULL),(290,2,1,2,6656.00,'2023-09-09','omnis',NULL,'2023-08-29 01:13:48','2023-08-29 01:13:48',NULL),(291,4,1,3,12170.00,'2024-01-09','odit',NULL,'2023-08-29 01:13:48','2023-08-29 01:13:48',NULL),(292,1,2,3,6870.00,'2024-03-24','eligendi',NULL,'2023-08-29 01:13:48','2023-08-29 01:13:48',NULL),(293,6,2,1,6211.00,'2023-11-19','praesentium',NULL,'2023-08-29 01:13:48','2023-08-29 01:13:48',NULL),(294,2,1,2,5527.00,'2023-09-08','recusandae',NULL,'2023-08-29 01:13:48','2023-08-29 01:13:48',NULL),(295,5,1,1,6435.00,'2024-02-22','assumenda',NULL,'2023-08-29 01:13:48','2023-08-29 01:13:48',NULL),(296,2,1,3,8355.00,'2023-12-15','iste',NULL,'2023-08-29 01:13:48','2023-08-29 01:13:48',NULL),(297,9,2,1,7435.00,'2024-03-03','est',NULL,'2023-08-29 01:13:48','2023-08-29 01:13:48',NULL),(298,5,2,2,5249.00,'2023-11-23','repudiandae',NULL,'2023-08-29 01:13:48','2023-08-29 01:13:48',NULL),(299,7,1,2,532.00,'2024-01-24','sit',NULL,'2023-08-29 01:13:48','2023-08-29 01:13:48',NULL),(300,3,2,1,465.00,'2024-03-13','rerum',NULL,'2023-08-29 01:13:48','2023-08-29 01:13:48',NULL),(301,7,2,1,3628.00,'2023-09-15','cumque',NULL,'2023-08-29 01:14:13','2023-08-29 01:14:13',NULL),(302,6,2,2,6781.00,'2024-01-31','enim',NULL,'2023-08-29 01:14:13','2023-08-29 01:14:13',NULL),(303,7,2,2,6889.00,'2023-09-07','facilis',NULL,'2023-08-29 01:14:13','2023-08-29 01:14:13',NULL),(304,3,2,2,8679.00,'2023-10-21','dolorem',NULL,'2023-08-29 01:14:13','2023-08-29 01:14:13',NULL),(305,3,1,1,13003.00,'2023-09-15','est',NULL,'2023-08-29 01:14:13','2023-08-29 01:14:13',NULL),(306,1,1,3,3789.00,'2024-01-13','iure',NULL,'2023-08-29 01:14:13','2023-08-29 01:14:13',NULL),(307,6,2,1,8990.00,'2024-02-22','est',NULL,'2023-08-29 01:14:13','2023-08-29 01:14:13',NULL),(308,1,1,3,11669.00,'2023-11-13','sit',NULL,'2023-08-29 01:14:13','2023-08-29 01:14:13',NULL),(309,10,1,1,4993.00,'2024-01-23','dolores',NULL,'2023-08-29 01:14:13','2023-08-29 01:14:13',NULL),(310,4,2,1,7181.00,'2023-10-01','consequuntur',NULL,'2023-08-29 01:14:13','2023-08-29 01:14:13',NULL),(311,8,2,3,2915.00,'2024-01-30','vel',NULL,'2023-08-29 01:14:13','2023-08-29 01:14:13',NULL),(312,1,1,1,8860.00,'2023-09-21','aut',NULL,'2023-08-29 01:14:13','2023-08-29 01:14:13',NULL),(313,2,2,3,8204.00,'2023-11-14','magni',NULL,'2023-08-29 01:14:13','2023-08-29 01:14:13',NULL),(314,5,1,2,11538.00,'2023-12-03','rerum',NULL,'2023-08-29 01:14:13','2023-08-29 01:14:13',NULL),(315,6,2,2,7470.00,'2024-02-07','et',NULL,'2023-08-29 01:14:13','2023-08-29 01:14:13',NULL),(316,7,2,3,9346.00,'2024-01-27','qui',NULL,'2023-08-29 01:14:13','2023-08-29 01:14:13',NULL),(317,9,2,1,9764.00,'2023-11-08','assumenda',NULL,'2023-08-29 01:14:13','2023-08-29 01:14:13',NULL),(318,6,2,2,6393.00,'2023-09-29','expedita',NULL,'2023-08-29 01:14:13','2023-08-29 01:14:13',NULL),(319,1,1,1,853.00,'2023-11-19','provident',NULL,'2023-08-29 01:14:13','2023-08-29 01:14:13',NULL),(320,3,1,1,4336.00,'2023-08-31','ut',NULL,'2023-08-29 01:14:13','2023-08-29 01:14:13',NULL),(321,2,2,2,2213.00,'2024-02-03','atque',NULL,'2023-08-29 01:14:13','2023-08-29 01:14:13',NULL),(322,3,1,3,11991.00,'2023-10-24','ratione',NULL,'2023-08-29 01:14:13','2023-08-29 01:14:13',NULL),(323,3,1,1,5374.00,'2023-11-17','id',NULL,'2023-08-29 01:14:13','2023-08-29 01:14:13',NULL),(324,3,2,2,4366.00,'2024-02-28','eaque',NULL,'2023-08-29 01:14:13','2023-08-29 01:14:13',NULL),(325,5,1,2,8163.00,'2023-10-14','iusto',NULL,'2023-08-29 01:14:13','2023-08-29 01:14:13',NULL),(326,10,2,2,6739.00,'2024-01-04','aperiam',NULL,'2023-08-29 01:14:13','2023-08-29 01:14:13',NULL),(327,5,1,3,9043.00,'2023-12-05','dolores',NULL,'2023-08-29 01:14:13','2023-08-29 01:14:13',NULL),(328,9,2,2,8153.00,'2024-02-05','itaque',NULL,'2023-08-29 01:14:13','2023-08-29 01:14:13',NULL),(329,6,2,3,12944.00,'2024-02-01','fuga',NULL,'2023-08-29 01:14:13','2023-08-29 01:14:13',NULL),(330,10,2,2,6424.00,'2024-02-24','error',NULL,'2023-08-29 01:14:13','2023-08-29 01:14:13',NULL),(331,3,1,3,1517.00,'2023-11-25','consequuntur',NULL,'2023-08-29 01:14:13','2023-08-29 01:14:13',NULL),(332,2,1,1,10079.00,'2024-02-20','saepe',NULL,'2023-08-29 01:14:13','2023-08-29 01:14:13',NULL),(333,6,1,2,13368.00,'2023-09-08','error',NULL,'2023-08-29 01:14:13','2023-08-29 01:14:13',NULL),(334,8,2,1,3603.00,'2024-02-20','eos',NULL,'2023-08-29 01:14:13','2023-08-29 01:14:13',NULL),(335,5,2,2,5078.00,'2023-10-16','eos',NULL,'2023-08-29 01:14:13','2023-08-29 01:14:13',NULL),(336,3,2,1,697.00,'2024-03-19','unde',NULL,'2023-08-29 01:14:13','2023-08-29 01:14:13',NULL),(337,3,1,2,12672.00,'2024-03-21','enim',NULL,'2023-08-29 01:14:13','2023-08-29 01:14:13',NULL),(338,6,1,1,6976.00,'2023-10-03','veniam',NULL,'2023-08-29 01:14:13','2023-08-29 01:14:13',NULL),(339,10,2,3,11344.00,'2024-01-24','atque',NULL,'2023-08-29 01:14:13','2023-08-29 01:14:13',NULL),(340,4,2,2,9235.00,'2024-03-22','et',NULL,'2023-08-29 01:14:13','2023-08-29 01:14:13',NULL),(341,10,2,2,9759.00,'2023-10-28','quos',NULL,'2023-08-29 01:14:13','2023-08-29 01:14:13',NULL),(342,1,2,2,136.00,'2023-10-22','vero',NULL,'2023-08-29 01:14:13','2023-08-29 01:14:13',NULL),(343,8,2,1,2470.00,'2023-11-04','facilis',NULL,'2023-08-29 01:14:13','2023-08-29 01:14:13',NULL),(344,8,2,2,3298.00,'2023-11-07','cupiditate',NULL,'2023-08-29 01:14:13','2023-08-29 01:14:13',NULL),(345,9,2,2,9570.00,'2024-03-12','enim',NULL,'2023-08-29 01:14:13','2023-08-29 01:14:13',NULL),(346,6,1,2,7397.00,'2024-01-31','debitis',NULL,'2023-08-29 01:14:13','2023-08-29 01:14:13',NULL),(347,3,1,1,13168.00,'2023-11-05','eligendi',NULL,'2023-08-29 01:14:13','2023-08-29 01:14:13',NULL),(348,8,2,3,13147.00,'2023-09-23','repellendus',NULL,'2023-08-29 01:14:13','2023-08-29 01:14:13',NULL),(349,1,1,3,5596.00,'2024-01-12','eius',NULL,'2023-08-29 01:14:13','2023-08-29 01:14:13',NULL),(350,9,2,2,7670.00,'2023-12-03','aliquid',NULL,'2023-08-29 01:14:13','2023-08-29 01:14:13',NULL),(351,7,1,1,11479.00,'2023-11-15','officiis',NULL,'2023-08-29 01:15:32','2023-08-29 01:15:32',NULL),(352,9,1,1,2414.00,'2023-09-20','voluptas',NULL,'2023-08-29 01:15:32','2023-08-29 01:15:32',NULL),(353,3,2,2,13420.00,'2024-01-06','quo',NULL,'2023-08-29 01:15:32','2023-08-29 01:15:32',NULL),(354,5,2,2,12774.00,'2024-02-01','necessitatibus',NULL,'2023-08-29 01:15:32','2023-08-29 01:15:32',NULL),(355,9,2,2,10537.00,'2023-11-06','quo',NULL,'2023-08-29 01:15:32','2023-08-29 01:15:32',NULL),(356,1,1,3,3875.00,'2024-03-08','sapiente',NULL,'2023-08-29 01:15:32','2023-08-29 01:15:32',NULL),(357,4,1,1,13414.00,'2023-11-11','non',NULL,'2023-08-29 01:15:32','2023-08-29 01:15:32',NULL),(358,10,2,2,9911.00,'2023-11-17','exercitationem',NULL,'2023-08-29 01:15:32','2023-08-29 01:15:32',NULL),(359,7,1,3,5688.00,'2023-11-22','corrupti',NULL,'2023-08-29 01:15:32','2023-08-29 01:15:32',NULL),(360,3,2,2,8452.00,'2024-02-25','est',NULL,'2023-08-29 01:15:32','2023-08-29 01:15:32',NULL),(361,8,1,2,9421.00,'2023-11-05','odit',NULL,'2023-08-29 01:15:32','2023-08-29 01:15:32',NULL),(362,8,2,2,5534.00,'2023-10-26','quod',NULL,'2023-08-29 01:15:32','2023-08-29 01:15:32',NULL),(363,7,2,3,10098.00,'2024-02-07','magni',NULL,'2023-08-29 01:15:32','2023-08-29 01:15:32',NULL),(364,9,1,2,7480.00,'2023-09-04','sit',NULL,'2023-08-29 01:15:32','2023-08-29 01:15:32',NULL),(365,6,2,3,2768.00,'2024-02-03','pariatur',NULL,'2023-08-29 01:15:32','2023-08-29 01:15:32',NULL),(366,4,1,2,3996.00,'2024-03-17','esse',NULL,'2023-08-29 01:15:32','2023-08-29 01:15:32',NULL),(367,5,1,2,8130.00,'2023-09-13','debitis',NULL,'2023-08-29 01:15:32','2023-08-29 01:15:32',NULL),(368,10,2,2,13068.00,'2023-12-25','id',NULL,'2023-08-29 01:15:32','2023-08-29 01:15:32',NULL),(369,9,1,3,2574.00,'2023-11-23','enim',NULL,'2023-08-29 01:15:32','2023-08-29 01:15:32',NULL),(370,6,2,1,8402.00,'2023-10-25','sunt',NULL,'2023-08-29 01:15:32','2023-08-29 01:15:32',NULL),(371,6,1,2,5262.00,'2024-03-03','repellendus',NULL,'2023-08-29 01:15:32','2023-08-29 01:15:32',NULL),(372,8,1,1,1909.00,'2023-12-28','exercitationem',NULL,'2023-08-29 01:15:32','2023-08-29 01:15:32',NULL),(373,2,2,3,6730.00,'2023-09-19','ex',NULL,'2023-08-29 01:15:32','2023-08-29 01:15:32',NULL),(374,4,2,2,6260.00,'2023-10-05','necessitatibus',NULL,'2023-08-29 01:15:32','2023-08-29 01:15:32',NULL),(375,2,1,1,10977.00,'2024-01-29','qui',NULL,'2023-08-29 01:15:32','2023-08-29 01:15:32',NULL),(376,3,2,1,8763.00,'2024-02-27','sed',NULL,'2023-08-29 01:15:32','2023-08-29 01:15:32',NULL),(377,10,1,1,1995.00,'2023-09-04','est',NULL,'2023-08-29 01:15:32','2023-08-29 01:15:32',NULL),(378,7,1,1,10670.00,'2023-10-08','nulla',NULL,'2023-08-29 01:15:32','2023-08-29 01:15:32',NULL),(379,4,2,1,6911.00,'2024-02-02','id',NULL,'2023-08-29 01:15:32','2023-08-29 01:15:32',NULL),(380,2,2,3,6698.00,'2023-09-23','omnis',NULL,'2023-08-29 01:15:32','2023-08-29 01:15:32',NULL),(381,10,1,3,2574.00,'2023-09-22','porro',NULL,'2023-08-29 01:15:32','2023-08-29 01:15:32',NULL),(382,9,1,1,9814.00,'2023-11-04','mollitia',NULL,'2023-08-29 01:15:32','2023-08-29 01:15:32',NULL),(383,7,2,3,5614.00,'2023-09-24','aut',NULL,'2023-08-29 01:15:32','2023-08-29 01:15:32',NULL),(384,4,2,1,13239.00,'2023-09-20','ut',NULL,'2023-08-29 01:15:32','2023-08-29 01:15:32',NULL),(385,8,1,3,11747.00,'2023-11-21','corporis',NULL,'2023-08-29 01:15:32','2023-08-29 01:15:32',NULL),(386,1,2,1,2127.00,'2023-10-26','optio',NULL,'2023-08-29 01:15:32','2023-08-29 01:15:32',NULL),(387,9,1,1,4555.00,'2024-01-28','voluptas',NULL,'2023-08-29 01:15:32','2023-08-29 01:15:32',NULL),(388,10,1,2,11400.00,'2024-01-05','quas',NULL,'2023-08-29 01:15:32','2023-08-29 01:15:32',NULL),(389,9,1,1,1142.00,'2023-12-19','molestiae',NULL,'2023-08-29 01:15:32','2023-08-29 01:15:32',NULL),(390,6,1,3,1722.00,'2024-01-04','ducimus',NULL,'2023-08-29 01:15:32','2023-08-29 01:15:32',NULL),(391,4,1,1,12360.00,'2024-01-19','dolores',NULL,'2023-08-29 01:15:32','2023-08-29 01:15:32',NULL),(392,2,1,1,5883.00,'2023-11-19','iure',NULL,'2023-08-29 01:15:32','2023-08-29 01:15:32',NULL),(393,10,1,3,12136.00,'2024-02-25','hic',NULL,'2023-08-29 01:15:32','2023-08-29 01:15:32',NULL),(394,3,1,2,7121.00,'2023-09-04','aliquam',NULL,'2023-08-29 01:15:32','2023-08-29 01:15:32',NULL),(395,1,1,3,9643.00,'2024-02-29','architecto',NULL,'2023-08-29 01:15:32','2023-08-29 01:15:32',NULL),(396,6,1,3,4597.00,'2023-11-21','delectus',NULL,'2023-08-29 01:15:32','2023-08-29 01:15:32',NULL),(397,4,1,2,4610.00,'2023-12-20','sit',NULL,'2023-08-29 01:15:32','2023-08-29 01:15:32',NULL),(398,6,2,2,8402.00,'2023-10-19','vel',NULL,'2023-08-29 01:15:32','2023-08-29 01:15:32',NULL),(399,4,2,3,3012.00,'2024-02-07','perferendis',NULL,'2023-08-29 01:15:32','2023-08-29 01:15:32',NULL),(400,2,2,3,5635.00,'2023-08-30','accusantium',NULL,'2023-08-29 01:15:32','2023-08-29 01:15:32',NULL),(401,4,2,2,11692.00,'2024-01-20','at',NULL,'2023-08-29 01:15:32','2023-08-29 01:15:32',NULL),(402,4,1,1,8437.00,'2023-09-29','quaerat',NULL,'2023-08-29 01:15:32','2023-08-29 01:15:32',NULL),(403,8,1,2,10695.00,'2024-01-31','autem',NULL,'2023-08-29 01:15:32','2023-08-29 01:15:32',NULL),(404,1,2,3,7933.00,'2024-03-07','est',NULL,'2023-08-29 01:15:32','2023-08-29 01:15:32',NULL),(405,8,2,1,8972.00,'2023-12-14','ipsam',NULL,'2023-08-29 01:15:32','2023-08-29 01:15:32',NULL),(406,8,2,1,7562.00,'2024-03-20','aut',NULL,'2023-08-29 01:15:32','2023-08-29 01:15:32',NULL),(407,6,1,3,7054.00,'2023-12-21','consequatur',NULL,'2023-08-29 01:15:32','2023-08-29 01:15:32',NULL),(408,7,1,2,11267.00,'2023-12-31','dolores',NULL,'2023-08-29 01:15:32','2023-08-29 01:15:32',NULL),(409,9,2,3,459.00,'2023-09-04','atque',NULL,'2023-08-29 01:15:32','2023-08-29 01:15:32',NULL),(410,8,1,2,13112.00,'2024-01-21','voluptas',NULL,'2023-08-29 01:15:32','2023-08-29 01:15:32',NULL),(411,4,2,3,6311.00,'2024-02-14','temporibus',NULL,'2023-08-29 01:15:32','2023-08-29 01:15:32',NULL),(412,10,1,3,12321.00,'2024-03-10','dolor',NULL,'2023-08-29 01:15:32','2023-08-29 01:15:32',NULL),(413,8,1,1,2676.00,'2023-11-27','earum',NULL,'2023-08-29 01:15:32','2023-08-29 01:15:32',NULL),(414,8,2,1,9263.00,'2024-01-08','ex',NULL,'2023-08-29 01:15:32','2023-08-29 01:15:32',NULL),(415,1,1,1,3846.00,'2024-03-03','nesciunt',NULL,'2023-08-29 01:15:32','2023-08-29 01:15:32',NULL),(416,8,1,2,8113.00,'2023-11-27','aut',NULL,'2023-08-29 01:15:32','2023-08-29 01:15:32',NULL),(417,4,1,3,2804.00,'2023-10-13','voluptatem',NULL,'2023-08-29 01:15:32','2023-08-29 01:15:32',NULL),(418,9,1,2,887.00,'2024-02-12','voluptatem',NULL,'2023-08-29 01:15:32','2023-08-29 01:15:32',NULL),(419,10,1,2,554.00,'2023-12-06','mollitia',NULL,'2023-08-29 01:15:32','2023-08-29 01:15:32',NULL),(420,1,1,3,10628.00,'2023-09-03','quia',NULL,'2023-08-29 01:15:32','2023-08-29 01:15:32',NULL),(421,10,2,2,7461.00,'2023-09-16','occaecati',NULL,'2023-08-29 01:15:32','2023-08-29 01:15:32',NULL),(422,6,1,1,6555.00,'2023-12-21','esse',NULL,'2023-08-29 01:15:32','2023-08-29 01:15:32',NULL),(423,3,2,3,7920.00,'2024-01-02','quis',NULL,'2023-08-29 01:15:32','2023-08-29 01:15:32',NULL),(424,6,2,3,625.00,'2024-02-29','tenetur',NULL,'2023-08-29 01:15:32','2023-08-29 01:15:32',NULL),(425,7,2,1,8374.00,'2024-01-11','quia',NULL,'2023-08-29 01:15:32','2023-08-29 01:15:32',NULL),(426,8,1,1,335.00,'2023-09-28','tempora',NULL,'2023-08-29 01:15:32','2023-08-29 01:15:32',NULL),(427,3,2,3,4626.00,'2023-10-24','ipsam',NULL,'2023-08-29 01:15:32','2023-08-29 01:15:32',NULL),(428,2,2,3,3397.00,'2024-02-23','ea',NULL,'2023-08-29 01:15:32','2023-08-29 01:15:32',NULL),(429,3,1,3,7765.00,'2023-12-17','nostrum',NULL,'2023-08-29 01:15:32','2023-08-29 01:15:32',NULL),(430,10,1,1,5961.00,'2023-11-10','ad',NULL,'2023-08-29 01:15:32','2023-08-29 01:15:32',NULL),(431,3,2,2,9694.00,'2024-02-18','nihil',NULL,'2023-08-29 01:15:32','2023-08-29 01:15:32',NULL),(432,8,1,2,10100.00,'2024-01-24','dignissimos',NULL,'2023-08-29 01:15:32','2023-08-29 01:15:32',NULL),(433,2,2,1,3680.00,'2023-11-02','voluptatum',NULL,'2023-08-29 01:15:32','2023-08-29 01:15:32',NULL),(434,9,1,3,9045.00,'2024-03-15','repudiandae',NULL,'2023-08-29 01:15:32','2023-08-29 01:15:32',NULL),(435,9,1,1,9072.00,'2023-10-10','consequatur',NULL,'2023-08-29 01:15:32','2023-08-29 01:15:32',NULL),(436,8,1,3,11219.00,'2023-10-06','iusto',NULL,'2023-08-29 01:15:32','2023-08-29 01:15:32',NULL),(437,7,2,1,1411.00,'2024-03-22','vel',NULL,'2023-08-29 01:15:32','2023-08-29 01:15:32',NULL),(438,7,2,2,3942.00,'2024-02-02','qui',NULL,'2023-08-29 01:15:32','2023-08-29 01:15:32',NULL),(439,4,1,1,7666.00,'2023-08-29','impedit',NULL,'2023-08-29 01:15:32','2023-08-29 01:15:32',NULL),(440,1,1,2,6486.00,'2024-02-18','officiis',NULL,'2023-08-29 01:15:32','2023-08-29 01:15:32',NULL),(441,8,1,2,7984.00,'2023-12-01','ut',NULL,'2023-08-29 01:15:32','2023-08-29 01:15:32',NULL),(442,3,2,3,10395.00,'2024-01-08','nam',NULL,'2023-08-29 01:15:32','2023-08-29 01:15:32',NULL),(443,6,1,3,12462.00,'2024-02-15','exercitationem',NULL,'2023-08-29 01:15:32','2023-08-29 01:15:32',NULL),(444,1,2,3,9954.00,'2024-02-05','qui',NULL,'2023-08-29 01:15:32','2023-08-29 01:15:32',NULL),(445,1,1,1,5518.00,'2023-11-24','aliquid',NULL,'2023-08-29 01:15:32','2023-08-29 01:15:32',NULL),(446,2,1,1,11896.00,'2023-12-14','quo',NULL,'2023-08-29 01:15:32','2023-08-29 01:15:32',NULL),(447,9,2,1,7492.00,'2023-12-30','architecto',NULL,'2023-08-29 01:15:32','2023-08-29 01:15:32',NULL),(448,10,2,1,9571.00,'2023-10-19','sequi',NULL,'2023-08-29 01:15:32','2023-08-29 01:15:32',NULL),(449,6,1,1,4320.00,'2024-03-19','illo',NULL,'2023-08-29 01:15:32','2023-08-29 01:15:32',NULL),(450,1,2,3,9572.00,'2023-12-09','corrupti',NULL,'2023-08-29 01:15:32','2023-08-29 01:15:32',NULL),(451,2,1,3,85.00,'2023-11-12','necessitatibus',NULL,'2023-08-29 01:15:32','2023-08-29 01:15:32',NULL),(452,8,1,3,5138.00,'2023-09-09','architecto',NULL,'2023-08-29 01:15:32','2023-08-29 01:15:32',NULL),(453,8,2,3,8444.00,'2024-01-26','sit',NULL,'2023-08-29 01:15:32','2023-08-29 01:15:32',NULL),(454,10,2,2,4952.00,'2023-10-09','odio',NULL,'2023-08-29 01:15:32','2023-08-29 01:15:32',NULL),(455,7,2,2,7494.00,'2024-03-18','ut',NULL,'2023-08-29 01:15:32','2023-08-29 01:15:32',NULL),(456,8,1,1,13385.00,'2023-10-05','voluptatum',NULL,'2023-08-29 01:15:32','2023-08-29 01:15:32',NULL),(457,5,1,1,8878.00,'2023-10-31','sit',NULL,'2023-08-29 01:15:32','2023-08-29 01:15:32',NULL),(458,3,2,3,6992.00,'2023-11-27','nemo',NULL,'2023-08-29 01:15:32','2023-08-29 01:15:32',NULL),(459,4,2,3,4112.00,'2023-10-17','maxime',NULL,'2023-08-29 01:15:32','2023-08-29 01:15:32',NULL),(460,4,2,2,1985.00,'2023-12-27','nisi',NULL,'2023-08-29 01:15:32','2023-08-29 01:15:32',NULL),(461,10,1,3,4239.00,'2024-01-20','quo',NULL,'2023-08-29 01:15:32','2023-08-29 01:15:32',NULL),(462,10,1,1,488.00,'2024-03-16','atque',NULL,'2023-08-29 01:15:32','2023-08-29 01:15:32',NULL),(463,1,2,1,5173.00,'2023-10-28','veritatis',NULL,'2023-08-29 01:15:32','2023-08-29 01:15:32',NULL),(464,6,2,2,7267.00,'2023-11-03','iure',NULL,'2023-08-29 01:15:32','2023-08-29 01:15:32',NULL),(465,9,2,3,417.00,'2023-09-10','atque',NULL,'2023-08-29 01:15:32','2023-08-29 01:15:32',NULL),(466,4,2,1,6752.00,'2023-12-22','consequatur',NULL,'2023-08-29 01:15:32','2023-08-29 01:15:32',NULL),(467,7,1,1,10062.00,'2024-02-16','porro',NULL,'2023-08-29 01:15:32','2023-08-29 01:15:32',NULL),(468,4,1,1,2964.00,'2024-03-18','assumenda',NULL,'2023-08-29 01:15:32','2023-08-29 01:15:32',NULL),(469,3,1,2,13179.00,'2024-02-07','autem',NULL,'2023-08-29 01:15:32','2023-08-29 01:15:32',NULL),(470,10,2,3,3971.00,'2024-03-13','rerum',NULL,'2023-08-29 01:15:32','2023-08-29 01:15:32',NULL),(471,6,1,1,11162.00,'2023-12-13','animi',NULL,'2023-08-29 01:15:32','2023-08-29 01:15:32',NULL),(472,8,1,1,5902.00,'2023-12-17','qui',NULL,'2023-08-29 01:15:32','2023-08-29 01:15:32',NULL),(473,8,1,3,10952.00,'2023-12-04','eum',NULL,'2023-08-29 01:15:32','2023-08-29 01:15:32',NULL),(474,2,1,1,6268.00,'2024-01-14','eaque',NULL,'2023-08-29 01:15:32','2023-08-29 01:15:32',NULL),(475,6,2,2,5183.00,'2024-03-15','quia',NULL,'2023-08-29 01:15:32','2023-08-29 01:15:32',NULL),(476,9,1,1,7596.00,'2024-03-15','at',NULL,'2023-08-29 01:15:32','2023-08-29 01:15:32',NULL),(477,10,2,2,4081.00,'2024-02-13','incidunt',NULL,'2023-08-29 01:15:32','2023-08-29 01:15:32',NULL),(478,8,1,1,8297.00,'2023-12-05','doloribus',NULL,'2023-08-29 01:15:32','2023-08-29 01:15:32',NULL),(479,2,2,1,6413.00,'2024-02-26','quasi',NULL,'2023-08-29 01:15:32','2023-08-29 01:15:32',NULL),(480,10,2,1,13062.00,'2023-12-31','iure',NULL,'2023-08-29 01:15:32','2023-08-29 01:15:32',NULL),(481,6,2,1,13362.00,'2023-09-20','ullam',NULL,'2023-08-29 01:15:32','2023-08-29 01:15:32',NULL),(482,7,1,1,10434.00,'2023-10-26','veniam',NULL,'2023-08-29 01:15:32','2023-08-29 01:15:32',NULL),(483,4,1,2,10997.00,'2023-10-15','autem',NULL,'2023-08-29 01:15:32','2023-08-29 01:15:32',NULL),(484,6,2,2,10784.00,'2024-01-01','repellendus',NULL,'2023-08-29 01:15:32','2023-08-29 01:15:32',NULL),(485,2,1,2,5480.00,'2023-10-24','officiis',NULL,'2023-08-29 01:15:32','2023-08-29 01:15:32',NULL),(486,9,1,3,5851.00,'2024-03-25','libero',NULL,'2023-08-29 01:15:32','2023-08-29 01:15:32',NULL),(487,6,2,3,6387.00,'2024-01-19','cumque',NULL,'2023-08-29 01:15:32','2023-08-29 01:15:32',NULL),(488,6,1,3,7362.00,'2023-10-11','eaque',NULL,'2023-08-29 01:15:32','2023-08-29 01:15:32',NULL),(489,2,2,3,13389.00,'2023-10-29','dolore',NULL,'2023-08-29 01:15:32','2023-08-29 01:15:32',NULL),(490,8,1,1,8565.00,'2023-10-31','incidunt',NULL,'2023-08-29 01:15:32','2023-08-29 01:15:32',NULL),(491,4,2,2,3.00,'2023-11-24','sed',NULL,'2023-08-29 01:15:32','2023-08-29 01:15:32',NULL),(492,7,2,3,11078.00,'2023-11-08','a',NULL,'2023-08-29 01:15:32','2023-08-29 01:15:32',NULL),(493,4,2,2,240.00,'2024-01-04','minima',NULL,'2023-08-29 01:15:32','2023-08-29 01:15:32',NULL),(494,5,2,3,4808.00,'2023-09-01','aut',NULL,'2023-08-29 01:15:32','2023-08-29 01:15:32',NULL),(495,1,1,1,4017.00,'2023-12-01','dolorem',NULL,'2023-08-29 01:15:32','2023-08-29 01:15:32',NULL),(496,10,2,2,8441.00,'2023-12-31','et',NULL,'2023-08-29 01:15:32','2023-08-29 01:15:32',NULL),(497,10,1,3,150.00,'2024-01-18','qui',NULL,'2023-08-29 01:15:32','2023-08-29 01:15:32',NULL),(498,7,2,2,5059.00,'2024-03-03','et',NULL,'2023-08-29 01:15:32','2023-08-29 01:15:32',NULL),(499,2,2,2,7641.00,'2023-09-06','accusantium',NULL,'2023-08-29 01:15:32','2023-08-29 01:15:32',NULL),(500,10,1,3,13250.00,'2024-01-29','aspernatur',NULL,'2023-08-29 01:15:32','2023-08-29 01:15:32',NULL);
/*!40000 ALTER TABLE `lancamentos` ENABLE KEYS */;
UNLOCK TABLES;

--
-- Table structure for table `migrations`
--

DROP TABLE IF EXISTS `migrations`;
/*!40101 SET @saved_cs_client     = @@character_set_client */;
/*!50503 SET character_set_client = utf8mb4 */;
CREATE TABLE `migrations` (
  `id` int(10) unsigned NOT NULL AUTO_INCREMENT,
  `migration` varchar(191) COLLATE utf8mb4_unicode_ci NOT NULL,
  `batch` int(11) NOT NULL,
  PRIMARY KEY (`id`)
) ENGINE=MyISAM AUTO_INCREMENT=8 DEFAULT CHARSET=utf8mb4 COLLATE=utf8mb4_unicode_ci;
/*!40101 SET character_set_client = @saved_cs_client */;

--
-- Dumping data for table `migrations`
--

LOCK TABLES `migrations` WRITE;
/*!40000 ALTER TABLE `migrations` DISABLE KEYS */;
INSERT INTO `migrations` VALUES (1,'2014_10_12_000000_create_users_table',1),(2,'2014_10_12_100000_create_password_reset_tokens_table',1),(3,'2019_08_19_000000_create_failed_jobs_table',1),(4,'2019_12_14_000001_create_personal_access_tokens_table',1),(5,'2023_08_21_200552_create_tipos_table',1),(6,'2023_08_21_200737_create_centro_custos_table',1),(7,'2023_08_21_200834_create_lancamentos_table',1);
/*!40000 ALTER TABLE `migrations` ENABLE KEYS */;
UNLOCK TABLES;

--
-- Table structure for table `password_reset_tokens`
--

DROP TABLE IF EXISTS `password_reset_tokens`;
/*!40101 SET @saved_cs_client     = @@character_set_client */;
/*!50503 SET character_set_client = utf8mb4 */;
CREATE TABLE `password_reset_tokens` (
  `email` varchar(191) COLLATE utf8mb4_unicode_ci NOT NULL,
  `token` varchar(191) COLLATE utf8mb4_unicode_ci NOT NULL,
  `created_at` timestamp NULL DEFAULT NULL,
  PRIMARY KEY (`email`)
) ENGINE=MyISAM DEFAULT CHARSET=utf8mb4 COLLATE=utf8mb4_unicode_ci;
/*!40101 SET character_set_client = @saved_cs_client */;

--
-- Dumping data for table `password_reset_tokens`
--

LOCK TABLES `password_reset_tokens` WRITE;
/*!40000 ALTER TABLE `password_reset_tokens` DISABLE KEYS */;
/*!40000 ALTER TABLE `password_reset_tokens` ENABLE KEYS */;
UNLOCK TABLES;

--
-- Table structure for table `personal_access_tokens`
--

DROP TABLE IF EXISTS `personal_access_tokens`;
/*!40101 SET @saved_cs_client     = @@character_set_client */;
/*!50503 SET character_set_client = utf8mb4 */;
CREATE TABLE `personal_access_tokens` (
  `id` bigint(20) unsigned NOT NULL AUTO_INCREMENT,
  `tokenable_type` varchar(191) COLLATE utf8mb4_unicode_ci NOT NULL,
  `tokenable_id` bigint(20) unsigned NOT NULL,
  `name` varchar(191) COLLATE utf8mb4_unicode_ci NOT NULL,
  `token` varchar(64) COLLATE utf8mb4_unicode_ci NOT NULL,
  `abilities` text COLLATE utf8mb4_unicode_ci,
  `last_used_at` timestamp NULL DEFAULT NULL,
  `expires_at` timestamp NULL DEFAULT NULL,
  `created_at` timestamp NULL DEFAULT NULL,
  `updated_at` timestamp NULL DEFAULT NULL,
  PRIMARY KEY (`id`),
  UNIQUE KEY `personal_access_tokens_token_unique` (`token`),
  KEY `personal_access_tokens_tokenable_type_tokenable_id_index` (`tokenable_type`,`tokenable_id`)
) ENGINE=MyISAM DEFAULT CHARSET=utf8mb4 COLLATE=utf8mb4_unicode_ci;
/*!40101 SET character_set_client = @saved_cs_client */;

--
-- Dumping data for table `personal_access_tokens`
--

LOCK TABLES `personal_access_tokens` WRITE;
/*!40000 ALTER TABLE `personal_access_tokens` DISABLE KEYS */;
/*!40000 ALTER TABLE `personal_access_tokens` ENABLE KEYS */;
UNLOCK TABLES;

--
-- Table structure for table `tipos`
--

DROP TABLE IF EXISTS `tipos`;
/*!40101 SET @saved_cs_client     = @@character_set_client */;
/*!50503 SET character_set_client = utf8mb4 */;
CREATE TABLE `tipos` (
  `id_tipo` int(10) unsigned NOT NULL AUTO_INCREMENT,
  `tipo` varchar(45) COLLATE utf8mb4_unicode_ci NOT NULL,
  `created_at` timestamp NULL DEFAULT NULL,
  `updated_at` timestamp NULL DEFAULT NULL,
  `deleted_at` timestamp NULL DEFAULT NULL,
  PRIMARY KEY (`id_tipo`)
) ENGINE=MyISAM AUTO_INCREMENT=3 DEFAULT CHARSET=utf8mb4 COLLATE=utf8mb4_unicode_ci;
/*!40101 SET character_set_client = @saved_cs_client */;

--
-- Dumping data for table `tipos`
--

LOCK TABLES `tipos` WRITE;
/*!40000 ALTER TABLE `tipos` DISABLE KEYS */;
INSERT INTO `tipos` VALUES (1,'Entrada','2023-08-24 00:36:28','2023-08-24 00:36:28',NULL),(2,'Saida','2023-08-24 00:36:28','2023-08-24 00:36:28',NULL);
/*!40000 ALTER TABLE `tipos` ENABLE KEYS */;
UNLOCK TABLES;

--
-- Table structure for table `users`
--

DROP TABLE IF EXISTS `users`;
/*!40101 SET @saved_cs_client     = @@character_set_client */;
/*!50503 SET character_set_client = utf8mb4 */;
CREATE TABLE `users` (
  `id` bigint(20) unsigned NOT NULL AUTO_INCREMENT,
  `name` varchar(191) COLLATE utf8mb4_unicode_ci NOT NULL,
  `email` varchar(191) COLLATE utf8mb4_unicode_ci NOT NULL,
  `email_verified_at` timestamp NULL DEFAULT NULL,
  `password` varchar(191) COLLATE utf8mb4_unicode_ci NOT NULL,
  `remember_token` varchar(100) COLLATE utf8mb4_unicode_ci DEFAULT NULL,
  `created_at` timestamp NULL DEFAULT NULL,
  `updated_at` timestamp NULL DEFAULT NULL,
  PRIMARY KEY (`id`),
  UNIQUE KEY `users_email_unique` (`email`)
) ENGINE=MyISAM AUTO_INCREMENT=162 DEFAULT CHARSET=utf8mb4 COLLATE=utf8mb4_unicode_ci;
/*!40101 SET character_set_client = @saved_cs_client */;

--
-- Dumping data for table `users`
--

LOCK TABLES `users` WRITE;
/*!40000 ALTER TABLE `users` DISABLE KEYS */;
INSERT INTO `users` VALUES (1,'Thomas Melo','thomas.cmelo@sp.senac.br',NULL,'$2y$10$NWv1rNyKL6c5CbCaYaTAVOJ4O6WC.fPSlcUMzfTF3zOkNkjLwXK8G',NULL,'2023-08-24 00:36:28','2023-08-24 00:36:28'),(2,'Isabelly Vasques Batista Jr.','eferraz@example.com','2023-08-24 00:53:21','$2y$10$92IXUNpkjO0rOQ5byMi.Ye4oKoEa3Ro9llC/.og/at2.uheWG/igi','kOgMPHAwFp','2023-08-24 00:53:21','2023-08-24 00:53:21'),(3,'Dr. Marina Mendes de Aguiar','david.branco@example.com','2023-08-24 00:53:21','$2y$10$92IXUNpkjO0rOQ5byMi.Ye4oKoEa3Ro9llC/.og/at2.uheWG/igi','arLMQfuS7O','2023-08-24 00:53:21','2023-08-24 00:53:21'),(4,'Srta. Gabriela Daniele Serna Filho','bruna.meireles@example.net','2023-08-24 00:53:21','$2y$10$92IXUNpkjO0rOQ5byMi.Ye4oKoEa3Ro9llC/.og/at2.uheWG/igi','HaJR0xLD8z','2023-08-24 00:53:21','2023-08-24 00:53:21'),(5,'Lorenzo Fidalgo Cruz','eabreu@example.org','2023-08-24 00:53:21','$2y$10$92IXUNpkjO0rOQ5byMi.Ye4oKoEa3Ro9llC/.og/at2.uheWG/igi','O2frKF7oOG','2023-08-24 00:53:21','2023-08-24 00:53:21'),(6,'Sra. Tatiane Andréa Velasques','urias.fabricio@example.net','2023-08-24 00:53:21','$2y$10$92IXUNpkjO0rOQ5byMi.Ye4oKoEa3Ro9llC/.og/at2.uheWG/igi','IsimL9PHwg','2023-08-24 00:53:21','2023-08-24 00:53:21'),(7,'Srta. Tábata Fidalgo Escobar Jr.','agustina.mascarenhas@example.com','2023-08-24 00:53:21','$2y$10$92IXUNpkjO0rOQ5byMi.Ye4oKoEa3Ro9llC/.og/at2.uheWG/igi','SVkYOTz9b6','2023-08-24 00:53:21','2023-08-24 00:53:21'),(8,'Yasmin Soto Santana','queiros.sergio@example.org','2023-08-24 00:53:21','$2y$10$92IXUNpkjO0rOQ5byMi.Ye4oKoEa3Ro9llC/.og/at2.uheWG/igi','marToHUKUO','2023-08-24 00:53:21','2023-08-24 00:53:21'),(9,'Dr. Leonardo Abreu','kramires@example.org','2023-08-24 00:53:21','$2y$10$92IXUNpkjO0rOQ5byMi.Ye4oKoEa3Ro9llC/.og/at2.uheWG/igi','3CayUjCRrL','2023-08-24 00:53:21','2023-08-24 00:53:21'),(10,'Flávio Teobaldo Sandoval','delatorre.nayara@example.org','2023-08-24 00:53:21','$2y$10$92IXUNpkjO0rOQ5byMi.Ye4oKoEa3Ro9llC/.og/at2.uheWG/igi','hPGmppRR1C','2023-08-24 00:53:21','2023-08-24 00:53:21'),(11,'Srta. Jéssica Franco','ilovato@example.com','2023-08-24 00:53:21','$2y$10$92IXUNpkjO0rOQ5byMi.Ye4oKoEa3Ro9llC/.og/at2.uheWG/igi','VQI5sVIc8F','2023-08-24 00:53:21','2023-08-24 00:53:21'),(12,'Sr. Leandro Vicente Ortiz Jr.','ramos.karen@example.org','2023-09-01 23:33:16','$2y$10$92IXUNpkjO0rOQ5byMi.Ye4oKoEa3Ro9llC/.og/at2.uheWG/igi','9cYtXlE00q','2023-09-01 23:33:16','2023-09-01 23:33:16'),(13,'Filipe Zambrano Santos','jaqueline.alcantara@example.com','2023-09-01 23:33:16','$2y$10$92IXUNpkjO0rOQ5byMi.Ye4oKoEa3Ro9llC/.og/at2.uheWG/igi','Hz1Bcvhwiu','2023-09-01 23:33:16','2023-09-01 23:33:16'),(14,'Srta. Antonella Queirós','irene.marin@example.com','2023-09-01 23:33:16','$2y$10$92IXUNpkjO0rOQ5byMi.Ye4oKoEa3Ro9llC/.og/at2.uheWG/igi','EzoOAdzEZx','2023-09-01 23:33:16','2023-09-01 23:33:16'),(15,'Sr. Adriano Arruda Jr.','cervantes.cecilia@example.com','2023-09-01 23:33:16','$2y$10$92IXUNpkjO0rOQ5byMi.Ye4oKoEa3Ro9llC/.og/at2.uheWG/igi','K1ApKKrheJ','2023-09-01 23:33:16','2023-09-01 23:33:16'),(16,'Olívia Jimenes','cpereira@example.org','2023-09-01 23:33:16','$2y$10$92IXUNpkjO0rOQ5byMi.Ye4oKoEa3Ro9llC/.og/at2.uheWG/igi','BC8wGDtWUK','2023-09-01 23:33:16','2023-09-01 23:33:16'),(17,'Srta. Irene Verdugo Marinho','fernandes.paloma@example.org','2023-09-01 23:33:16','$2y$10$92IXUNpkjO0rOQ5byMi.Ye4oKoEa3Ro9llC/.og/at2.uheWG/igi','cvQcp8oTqh','2023-09-01 23:33:16','2023-09-01 23:33:16'),(18,'Victor Ramires Sobrinho','jonas.maia@example.net','2023-09-01 23:33:16','$2y$10$92IXUNpkjO0rOQ5byMi.Ye4oKoEa3Ro9llC/.og/at2.uheWG/igi','v5558JpsoC','2023-09-01 23:33:16','2023-09-01 23:33:16'),(19,'Heloise Gomes Toledo Neto','mlira@example.org','2023-09-01 23:33:16','$2y$10$92IXUNpkjO0rOQ5byMi.Ye4oKoEa3Ro9llC/.og/at2.uheWG/igi','9YwFQu1tMF','2023-09-01 23:33:16','2023-09-01 23:33:16'),(20,'Dr. Tábata Lourenço','cauan48@example.com','2023-09-01 23:33:16','$2y$10$92IXUNpkjO0rOQ5byMi.Ye4oKoEa3Ro9llC/.og/at2.uheWG/igi','rd6lRqKaPM','2023-09-01 23:33:16','2023-09-01 23:33:16'),(21,'Sra. Luana Mila Brito','michael37@example.net','2023-09-01 23:33:16','$2y$10$92IXUNpkjO0rOQ5byMi.Ye4oKoEa3Ro9llC/.og/at2.uheWG/igi','AegUejiZTH','2023-09-01 23:33:16','2023-09-01 23:33:16'),(22,'Abgail Norma Quintana','breno.dominato@example.org','2023-09-01 23:33:16','$2y$10$92IXUNpkjO0rOQ5byMi.Ye4oKoEa3Ro9llC/.og/at2.uheWG/igi','mYhaW9pcsR','2023-09-01 23:33:16','2023-09-01 23:33:16'),(23,'Sr. Aaron Campos Neto','deverso.reinaldo@example.com','2023-09-01 23:33:16','$2y$10$92IXUNpkjO0rOQ5byMi.Ye4oKoEa3Ro9llC/.og/at2.uheWG/igi','etbetE3FYB','2023-09-01 23:33:16','2023-09-01 23:33:16'),(24,'Tâmara Furtado Vasques Jr.','mila20@example.org','2023-09-01 23:33:16','$2y$10$92IXUNpkjO0rOQ5byMi.Ye4oKoEa3Ro9llC/.og/at2.uheWG/igi','AAKemUeRdx','2023-09-01 23:33:16','2023-09-01 23:33:16'),(25,'Aparecida Gusmão Maldonado Sobrinho','mario93@example.net','2023-09-01 23:33:16','$2y$10$92IXUNpkjO0rOQ5byMi.Ye4oKoEa3Ro9llC/.og/at2.uheWG/igi','YMNgfNxUD7','2023-09-01 23:33:16','2023-09-01 23:33:16'),(26,'Dr. Maicon Adriel Burgos Neto','kesia27@example.net','2023-09-01 23:33:16','$2y$10$92IXUNpkjO0rOQ5byMi.Ye4oKoEa3Ro9llC/.og/at2.uheWG/igi','qpIWZQMCOM','2023-09-01 23:33:16','2023-09-01 23:33:16'),(27,'Srta. Yohanna Vitória Escobar Jr.','miguel.serna@example.com','2023-09-01 23:33:16','$2y$10$92IXUNpkjO0rOQ5byMi.Ye4oKoEa3Ro9llC/.og/at2.uheWG/igi','vWA7KX2KoB','2023-09-01 23:33:16','2023-09-01 23:33:16'),(28,'Sra. Mônica Soto Salas Filho','ndearruda@example.org','2023-09-01 23:33:16','$2y$10$92IXUNpkjO0rOQ5byMi.Ye4oKoEa3Ro9llC/.og/at2.uheWG/igi','upMsfgKWOD','2023-09-01 23:33:16','2023-09-01 23:33:16'),(29,'Srta. Madalena Estela Leon','ferraz.samuel@example.net','2023-09-01 23:33:16','$2y$10$92IXUNpkjO0rOQ5byMi.Ye4oKoEa3Ro9llC/.og/at2.uheWG/igi','Ilda5ljbCc','2023-09-01 23:33:16','2023-09-01 23:33:16'),(30,'Simone Sarah Guerra Neto','thalia.queiros@example.com','2023-09-01 23:33:16','$2y$10$92IXUNpkjO0rOQ5byMi.Ye4oKoEa3Ro9llC/.og/at2.uheWG/igi','8gpW2zUHmT','2023-09-01 23:33:16','2023-09-01 23:33:16'),(31,'Dr. Ellen Fernanda Madeira Jr.','lavinia19@example.com','2023-09-01 23:33:16','$2y$10$92IXUNpkjO0rOQ5byMi.Ye4oKoEa3Ro9llC/.og/at2.uheWG/igi','JBWyLywuH1','2023-09-01 23:33:16','2023-09-01 23:33:16'),(32,'Dr. Thomas Pena Guerra','bferreira@example.com','2023-09-01 23:33:16','$2y$10$92IXUNpkjO0rOQ5byMi.Ye4oKoEa3Ro9llC/.og/at2.uheWG/igi','0jNdrYtX89','2023-09-01 23:33:16','2023-09-01 23:33:16'),(33,'Dr. Luzia Bezerra Fernandes','gneves@example.net','2023-09-01 23:33:16','$2y$10$92IXUNpkjO0rOQ5byMi.Ye4oKoEa3Ro9llC/.og/at2.uheWG/igi','2kdVz2dcrh','2023-09-01 23:33:16','2023-09-01 23:33:16'),(34,'Sr. Aaron Ian Rodrigues Filho','sferraz@example.net','2023-09-01 23:33:16','$2y$10$92IXUNpkjO0rOQ5byMi.Ye4oKoEa3Ro9llC/.og/at2.uheWG/igi','l5Tqvziizc','2023-09-01 23:33:16','2023-09-01 23:33:16'),(35,'Sr. Bruno Alan Medina','iburgos@example.org','2023-09-01 23:33:16','$2y$10$92IXUNpkjO0rOQ5byMi.Ye4oKoEa3Ro9llC/.og/at2.uheWG/igi','nObil0MzdM','2023-09-01 23:33:16','2023-09-01 23:33:16'),(36,'Manuela Zambrano Sobrinho','bsaraiva@example.org','2023-09-01 23:33:16','$2y$10$92IXUNpkjO0rOQ5byMi.Ye4oKoEa3Ro9llC/.og/at2.uheWG/igi','3LS9fUIeWU','2023-09-01 23:33:16','2023-09-01 23:33:16'),(37,'Malena Késia Garcia Jr.','santos.nadia@example.com','2023-09-01 23:33:16','$2y$10$92IXUNpkjO0rOQ5byMi.Ye4oKoEa3Ro9llC/.og/at2.uheWG/igi','PadYN0UiwN','2023-09-01 23:33:16','2023-09-01 23:33:16'),(38,'Sr. Matias Delvalle Jr.','rsalgado@example.org','2023-09-01 23:33:16','$2y$10$92IXUNpkjO0rOQ5byMi.Ye4oKoEa3Ro9llC/.og/at2.uheWG/igi','x3nM2VV0Hv','2023-09-01 23:33:16','2023-09-01 23:33:16'),(39,'Dr. Noemi Agustina Benez Jr.','rezende.carol@example.org','2023-09-01 23:33:16','$2y$10$92IXUNpkjO0rOQ5byMi.Ye4oKoEa3Ro9llC/.og/at2.uheWG/igi','mKeFvI5Kja','2023-09-01 23:33:16','2023-09-01 23:33:16'),(40,'Srta. Karen Flávia Delvalle Sobrinho','gean90@example.org','2023-09-01 23:33:16','$2y$10$92IXUNpkjO0rOQ5byMi.Ye4oKoEa3Ro9llC/.og/at2.uheWG/igi','v8Gesyi69a','2023-09-01 23:33:16','2023-09-01 23:33:16'),(41,'Sr. Mateus Bezerra Esteves','iasmin.sepulveda@example.com','2023-09-01 23:33:16','$2y$10$92IXUNpkjO0rOQ5byMi.Ye4oKoEa3Ro9llC/.og/at2.uheWG/igi','VR2rAYXsb0','2023-09-01 23:33:16','2023-09-01 23:33:16'),(42,'Luciana Flor Ferreira Neto','hteles@example.com','2023-09-01 23:33:16','$2y$10$92IXUNpkjO0rOQ5byMi.Ye4oKoEa3Ro9llC/.og/at2.uheWG/igi','3Hoh8PmlDz','2023-09-01 23:33:16','2023-09-01 23:33:16'),(43,'Luiza Aragão Lira Neto','padilha.laura@example.com','2023-09-01 23:33:16','$2y$10$92IXUNpkjO0rOQ5byMi.Ye4oKoEa3Ro9llC/.og/at2.uheWG/igi','1yCFupWc2V','2023-09-01 23:33:16','2023-09-01 23:33:16'),(44,'Patrícia Vasques Molina','luciano.dearruda@example.com','2023-09-01 23:33:16','$2y$10$92IXUNpkjO0rOQ5byMi.Ye4oKoEa3Ro9llC/.og/at2.uheWG/igi','d8MBzv9HYg','2023-09-01 23:33:16','2023-09-01 23:33:16'),(45,'Sr. Leonardo Barros Vila','gilberto.dias@example.com','2023-09-01 23:33:16','$2y$10$92IXUNpkjO0rOQ5byMi.Ye4oKoEa3Ro9llC/.og/at2.uheWG/igi','HHDlgojgLB','2023-09-01 23:33:16','2023-09-01 23:33:16'),(46,'Arthur Toledo Neto','milena77@example.com','2023-09-01 23:33:16','$2y$10$92IXUNpkjO0rOQ5byMi.Ye4oKoEa3Ro9llC/.og/at2.uheWG/igi','biiRHfTdYq','2023-09-01 23:33:16','2023-09-01 23:33:16'),(47,'Srta. Emily Benez Azevedo Jr.','estela.perez@example.org','2023-09-01 23:33:16','$2y$10$92IXUNpkjO0rOQ5byMi.Ye4oKoEa3Ro9llC/.og/at2.uheWG/igi','4q90UgvJGz','2023-09-01 23:33:16','2023-09-01 23:33:16'),(48,'Dr. Sandro Aaron Carrara Filho','tguerra@example.net','2023-09-01 23:33:16','$2y$10$92IXUNpkjO0rOQ5byMi.Ye4oKoEa3Ro9llC/.og/at2.uheWG/igi','laZ7A7CENm','2023-09-01 23:33:16','2023-09-01 23:33:16'),(49,'Sr. Renato Rodrigo Arruda','gusmao.luciano@example.org','2023-09-01 23:33:16','$2y$10$92IXUNpkjO0rOQ5byMi.Ye4oKoEa3Ro9llC/.og/at2.uheWG/igi','fCgTWGIVEL','2023-09-01 23:33:16','2023-09-01 23:33:16'),(50,'Sra. Adriana Lozano Ortega Jr.','rodrigues.raquel@example.net','2023-09-01 23:33:16','$2y$10$92IXUNpkjO0rOQ5byMi.Ye4oKoEa3Ro9llC/.og/at2.uheWG/igi','29Z2zN1fjO','2023-09-01 23:33:16','2023-09-01 23:33:16'),(51,'Ornela Cervantes Velasques Neto','josue.guerra@example.net','2023-09-01 23:33:16','$2y$10$92IXUNpkjO0rOQ5byMi.Ye4oKoEa3Ro9llC/.og/at2.uheWG/igi','T7L0ndY8us','2023-09-01 23:33:16','2023-09-01 23:33:16'),(52,'Miranda Toledo Filho','montenegro.cauan@example.com','2023-09-01 23:33:16','$2y$10$92IXUNpkjO0rOQ5byMi.Ye4oKoEa3Ro9llC/.og/at2.uheWG/igi','YY6Votlx7W','2023-09-01 23:33:16','2023-09-01 23:33:16'),(53,'Sra. Sabrina Lovato','serra.bernardo@example.org','2023-09-01 23:33:16','$2y$10$92IXUNpkjO0rOQ5byMi.Ye4oKoEa3Ro9llC/.og/at2.uheWG/igi','D5llZ38I7n','2023-09-01 23:33:16','2023-09-01 23:33:16'),(54,'Manuel Santana Correia Neto','quintana.thais@example.com','2023-09-01 23:33:16','$2y$10$92IXUNpkjO0rOQ5byMi.Ye4oKoEa3Ro9llC/.og/at2.uheWG/igi','osvbTSYkuL','2023-09-01 23:33:16','2023-09-01 23:33:16'),(55,'Débora Caroline de Oliveira','noemi.caldeira@example.org','2023-09-01 23:33:16','$2y$10$92IXUNpkjO0rOQ5byMi.Ye4oKoEa3Ro9llC/.og/at2.uheWG/igi','ImoNRilWwt','2023-09-01 23:33:16','2023-09-01 23:33:16'),(56,'Lucio Carlos Santacruz','cristian.deverso@example.net','2023-09-01 23:33:16','$2y$10$92IXUNpkjO0rOQ5byMi.Ye4oKoEa3Ro9llC/.og/at2.uheWG/igi','s4vjpl606K','2023-09-01 23:33:16','2023-09-01 23:33:16'),(57,'Francisco Estrada Carmona Filho','arthur.garcia@example.com','2023-09-01 23:33:16','$2y$10$92IXUNpkjO0rOQ5byMi.Ye4oKoEa3Ro9llC/.og/at2.uheWG/igi','6q67xUR8xe','2023-09-01 23:33:16','2023-09-01 23:33:16'),(58,'Dr. Artur Ramos Amaral Sobrinho','alma16@example.net','2023-09-01 23:33:16','$2y$10$92IXUNpkjO0rOQ5byMi.Ye4oKoEa3Ro9llC/.og/at2.uheWG/igi','w8QTahdEuy','2023-09-01 23:33:16','2023-09-01 23:33:16'),(59,'Dr. Isabella da Silva Rezende Jr.','marin.daniel@example.com','2023-09-01 23:33:16','$2y$10$92IXUNpkjO0rOQ5byMi.Ye4oKoEa3Ro9llC/.og/at2.uheWG/igi','aNXxJH33Va','2023-09-01 23:33:16','2023-09-01 23:33:16'),(60,'Vinícius Delatorre Rezende Neto','vieira.josue@example.org','2023-09-01 23:33:16','$2y$10$92IXUNpkjO0rOQ5byMi.Ye4oKoEa3Ro9llC/.og/at2.uheWG/igi','ZzRFhjzUs9','2023-09-01 23:33:16','2023-09-01 23:33:16'),(61,'Andréa Bittencourt Filho','bvelasques@example.net','2023-09-01 23:33:16','$2y$10$92IXUNpkjO0rOQ5byMi.Ye4oKoEa3Ro9llC/.og/at2.uheWG/igi','UYtlqmcsgP','2023-09-01 23:33:16','2023-09-01 23:33:16'),(62,'Dr. Paloma Sepúlveda Santos','ugusmao@example.org','2023-09-01 23:33:16','$2y$10$92IXUNpkjO0rOQ5byMi.Ye4oKoEa3Ro9llC/.og/at2.uheWG/igi','2WTbrGxsEG','2023-09-01 23:33:16','2023-09-01 23:33:16'),(63,'Eduarda Valentin Beltrão','gromero@example.net','2023-09-01 23:33:16','$2y$10$92IXUNpkjO0rOQ5byMi.Ye4oKoEa3Ro9llC/.og/at2.uheWG/igi','6BWYUrTixs','2023-09-01 23:33:16','2023-09-01 23:33:16'),(64,'Diogo Richard Lovato','karine35@example.org','2023-09-01 23:33:16','$2y$10$92IXUNpkjO0rOQ5byMi.Ye4oKoEa3Ro9llC/.og/at2.uheWG/igi','C5ogChqWKB','2023-09-01 23:33:16','2023-09-01 23:33:16'),(65,'Dr. Stephanie Serra','vgil@example.net','2023-09-01 23:33:16','$2y$10$92IXUNpkjO0rOQ5byMi.Ye4oKoEa3Ro9llC/.og/at2.uheWG/igi','qmTlU5vzNu','2023-09-01 23:33:16','2023-09-01 23:33:16'),(66,'Sr. Valentin Richard Rivera Filho','renato.correia@example.com','2023-09-01 23:33:16','$2y$10$92IXUNpkjO0rOQ5byMi.Ye4oKoEa3Ro9llC/.og/at2.uheWG/igi','YYyt8mKG35','2023-09-01 23:33:16','2023-09-01 23:33:16'),(67,'Carlos Zambrano Maia Filho','tespinoza@example.org','2023-09-01 23:33:16','$2y$10$92IXUNpkjO0rOQ5byMi.Ye4oKoEa3Ro9llC/.og/at2.uheWG/igi','t8rtGABNmP','2023-09-01 23:33:16','2023-09-01 23:33:16'),(68,'Thalia Estrada Ramires','thales99@example.com','2023-09-01 23:33:16','$2y$10$92IXUNpkjO0rOQ5byMi.Ye4oKoEa3Ro9llC/.og/at2.uheWG/igi','Yl08sPYmmX','2023-09-01 23:33:16','2023-09-01 23:33:16'),(69,'Dr. Melinda Caldeira Correia Jr.','jortega@example.com','2023-09-01 23:33:16','$2y$10$92IXUNpkjO0rOQ5byMi.Ye4oKoEa3Ro9llC/.og/at2.uheWG/igi','yQJsCCPWKo','2023-09-01 23:33:16','2023-09-01 23:33:16'),(70,'Gabriela Mariah Soto Neto','willian.meireles@example.com','2023-09-01 23:33:16','$2y$10$92IXUNpkjO0rOQ5byMi.Ye4oKoEa3Ro9llC/.og/at2.uheWG/igi','BC65cCY6f9','2023-09-01 23:33:16','2023-09-01 23:33:16'),(71,'Srta. Heloísa Delgado Franco','dias.paulo@example.org','2023-09-01 23:33:16','$2y$10$92IXUNpkjO0rOQ5byMi.Ye4oKoEa3Ro9llC/.og/at2.uheWG/igi','5kw91sFazB','2023-09-01 23:33:16','2023-09-01 23:33:16'),(72,'Ricardo Roque Sobrinho','gilberto45@example.com','2023-09-01 23:33:16','$2y$10$92IXUNpkjO0rOQ5byMi.Ye4oKoEa3Ro9llC/.og/at2.uheWG/igi','3LxLujtV6J','2023-09-01 23:33:16','2023-09-01 23:33:16'),(73,'Bruno Vale Saraiva Jr.','valentin.assuncao@example.org','2023-09-01 23:33:16','$2y$10$92IXUNpkjO0rOQ5byMi.Ye4oKoEa3Ro9llC/.og/at2.uheWG/igi','VBzApmvfMa','2023-09-01 23:33:16','2023-09-01 23:33:16'),(74,'Dr. Hosana Marisa Ferreira Sobrinho','nespinoza@example.com','2023-09-01 23:33:16','$2y$10$92IXUNpkjO0rOQ5byMi.Ye4oKoEa3Ro9llC/.og/at2.uheWG/igi','Pck37PQnN4','2023-09-01 23:33:16','2023-09-01 23:33:16'),(75,'Srta. Olívia Isabella Carmona Jr.','matheus63@example.com','2023-09-01 23:33:16','$2y$10$92IXUNpkjO0rOQ5byMi.Ye4oKoEa3Ro9llC/.og/at2.uheWG/igi','44lyxHytNP','2023-09-01 23:33:16','2023-09-01 23:33:16'),(76,'Sr. Diego Chaves Filho','lidiane76@example.org','2023-09-01 23:33:16','$2y$10$92IXUNpkjO0rOQ5byMi.Ye4oKoEa3Ro9llC/.og/at2.uheWG/igi','0AJbp1mXtu','2023-09-01 23:33:16','2023-09-01 23:33:16'),(77,'Dener Joaquin Delvalle Neto','rlira@example.org','2023-09-01 23:33:16','$2y$10$92IXUNpkjO0rOQ5byMi.Ye4oKoEa3Ro9llC/.og/at2.uheWG/igi','SDtozaQMSt','2023-09-01 23:33:16','2023-09-01 23:33:16'),(78,'Dr. Luan Agostinho Barreto Jr.','valentin.janaina@example.com','2023-09-01 23:33:16','$2y$10$92IXUNpkjO0rOQ5byMi.Ye4oKoEa3Ro9llC/.og/at2.uheWG/igi','2MbN4ZdcDU','2023-09-01 23:33:16','2023-09-01 23:33:16'),(79,'Gian Soto','saito.natan@example.org','2023-09-01 23:33:16','$2y$10$92IXUNpkjO0rOQ5byMi.Ye4oKoEa3Ro9llC/.og/at2.uheWG/igi','oLJHOnWcad','2023-09-01 23:33:16','2023-09-01 23:33:16'),(80,'Diego Ferreira Reis','simon.quintana@example.org','2023-09-01 23:33:16','$2y$10$92IXUNpkjO0rOQ5byMi.Ye4oKoEa3Ro9llC/.og/at2.uheWG/igi','69pPAxxyXV','2023-09-01 23:33:16','2023-09-01 23:33:16'),(81,'Carlos Ortega Cortês Jr.','quintana.thiago@example.com','2023-09-01 23:33:16','$2y$10$92IXUNpkjO0rOQ5byMi.Ye4oKoEa3Ro9llC/.og/at2.uheWG/igi','C2EjFsRJbq','2023-09-01 23:33:16','2023-09-01 23:33:16'),(82,'Alma Paes Estrada','benez.ariane@example.com','2023-09-01 23:33:16','$2y$10$92IXUNpkjO0rOQ5byMi.Ye4oKoEa3Ro9llC/.og/at2.uheWG/igi','IaCCKRMYcZ','2023-09-01 23:33:16','2023-09-01 23:33:16'),(83,'Dr. Melina Reis','ferreira.edson@example.net','2023-09-01 23:33:16','$2y$10$92IXUNpkjO0rOQ5byMi.Ye4oKoEa3Ro9llC/.og/at2.uheWG/igi','p6qp5CDKBo','2023-09-01 23:33:16','2023-09-01 23:33:16'),(84,'Leandro Assunção Pena Neto','fontes.davi@example.net','2023-09-01 23:33:16','$2y$10$92IXUNpkjO0rOQ5byMi.Ye4oKoEa3Ro9llC/.og/at2.uheWG/igi','aX5Zs4ZceI','2023-09-01 23:33:16','2023-09-01 23:33:16'),(85,'Sra. Franciele Lovato Gonçalves','gael.ferraz@example.com','2023-09-01 23:33:16','$2y$10$92IXUNpkjO0rOQ5byMi.Ye4oKoEa3Ro9llC/.og/at2.uheWG/igi','KeqDVsR40V','2023-09-01 23:33:16','2023-09-01 23:33:16'),(86,'Everton Uchoa Sobrinho','esteves.rodrigo@example.com','2023-09-01 23:33:16','$2y$10$92IXUNpkjO0rOQ5byMi.Ye4oKoEa3Ro9llC/.og/at2.uheWG/igi','rsLPS5sgXL','2023-09-01 23:33:16','2023-09-01 23:33:16'),(87,'Adriel Valentin Amaral Filho','qmascarenhas@example.net','2023-09-01 23:33:16','$2y$10$92IXUNpkjO0rOQ5byMi.Ye4oKoEa3Ro9llC/.og/at2.uheWG/igi','qUBVrpNZae','2023-09-01 23:33:16','2023-09-01 23:33:16'),(88,'Manuela Ferreira','cdefreitas@example.org','2023-09-01 23:33:16','$2y$10$92IXUNpkjO0rOQ5byMi.Ye4oKoEa3Ro9llC/.og/at2.uheWG/igi','WPe1XnmXh1','2023-09-01 23:33:16','2023-09-01 23:33:16'),(89,'Dr. Rogério Franco Aranda','fmatias@example.net','2023-09-01 23:33:16','$2y$10$92IXUNpkjO0rOQ5byMi.Ye4oKoEa3Ro9llC/.og/at2.uheWG/igi','ycxE80RiCw','2023-09-01 23:33:16','2023-09-01 23:33:16'),(90,'Ricardo Roque','bazevedo@example.net','2023-09-01 23:33:16','$2y$10$92IXUNpkjO0rOQ5byMi.Ye4oKoEa3Ro9llC/.og/at2.uheWG/igi','7p9ICGwy20','2023-09-01 23:33:16','2023-09-01 23:33:16'),(91,'Dr. Emanuel Gustavo de Aguiar','lucas.lourenco@example.net','2023-09-01 23:33:16','$2y$10$92IXUNpkjO0rOQ5byMi.Ye4oKoEa3Ro9llC/.og/at2.uheWG/igi','mK6JvdgCaH','2023-09-01 23:33:16','2023-09-01 23:33:16'),(92,'Diogo Souza Filho','pedro.valdez@example.org','2023-09-01 23:33:16','$2y$10$92IXUNpkjO0rOQ5byMi.Ye4oKoEa3Ro9llC/.og/at2.uheWG/igi','uYNWpIwo5E','2023-09-01 23:33:16','2023-09-01 23:33:16'),(93,'Dr. Thiago Medina Bittencourt Jr.','sophia.galhardo@example.net','2023-09-01 23:33:16','$2y$10$92IXUNpkjO0rOQ5byMi.Ye4oKoEa3Ro9llC/.og/at2.uheWG/igi','XIQQSyml7g','2023-09-01 23:33:16','2023-09-01 23:33:16'),(94,'Srta. Fernanda Larissa Saraiva','qlutero@example.net','2023-09-01 23:33:16','$2y$10$92IXUNpkjO0rOQ5byMi.Ye4oKoEa3Ro9llC/.og/at2.uheWG/igi','JYfjAhtiNN','2023-09-01 23:33:16','2023-09-01 23:33:16'),(95,'Sr. Camilo Romero Galvão','leonardo51@example.com','2023-09-01 23:33:16','$2y$10$92IXUNpkjO0rOQ5byMi.Ye4oKoEa3Ro9llC/.og/at2.uheWG/igi','r4sYxTHlFx','2023-09-01 23:33:16','2023-09-01 23:33:16'),(96,'Christian Montenegro','breno.matos@example.net','2023-09-01 23:33:16','$2y$10$92IXUNpkjO0rOQ5byMi.Ye4oKoEa3Ro9llC/.og/at2.uheWG/igi','cGfsfgn0My','2023-09-01 23:33:16','2023-09-01 23:33:16'),(97,'Patrícia Alma Godói Filho','miranda73@example.com','2023-09-01 23:33:16','$2y$10$92IXUNpkjO0rOQ5byMi.Ye4oKoEa3Ro9llC/.og/at2.uheWG/igi','LCDWlPxBnr','2023-09-01 23:33:16','2023-09-01 23:33:16'),(98,'Suzana Matos','mila25@example.com','2023-09-01 23:33:16','$2y$10$92IXUNpkjO0rOQ5byMi.Ye4oKoEa3Ro9llC/.og/at2.uheWG/igi','LL1EMcueB0','2023-09-01 23:33:16','2023-09-01 23:33:16'),(99,'Gean Ramires','camilo36@example.net','2023-09-01 23:33:16','$2y$10$92IXUNpkjO0rOQ5byMi.Ye4oKoEa3Ro9llC/.og/at2.uheWG/igi','3ucBO70GdK','2023-09-01 23:33:16','2023-09-01 23:33:16'),(100,'Franciele Padrão Sobrinho','gean.zambrano@example.org','2023-09-01 23:33:16','$2y$10$92IXUNpkjO0rOQ5byMi.Ye4oKoEa3Ro9llC/.og/at2.uheWG/igi','1UGqthoqgl','2023-09-01 23:33:16','2023-09-01 23:33:16'),(101,'Dr. Angélica Feliciano','vega.renan@example.net','2023-09-01 23:33:16','$2y$10$92IXUNpkjO0rOQ5byMi.Ye4oKoEa3Ro9llC/.og/at2.uheWG/igi','K5vH6vWd52','2023-09-01 23:33:16','2023-09-01 23:33:16'),(102,'Nayara Beltrão','juliano.batista@example.org','2023-09-01 23:33:16','$2y$10$92IXUNpkjO0rOQ5byMi.Ye4oKoEa3Ro9llC/.og/at2.uheWG/igi','LeS4EQbGLS','2023-09-01 23:33:16','2023-09-01 23:33:16'),(103,'Dr. Heloísa Laura Faria Neto','sanches.silvana@example.com','2023-09-01 23:33:16','$2y$10$92IXUNpkjO0rOQ5byMi.Ye4oKoEa3Ro9llC/.og/at2.uheWG/igi','1U2IJ0YpYF','2023-09-01 23:33:16','2023-09-01 23:33:16'),(104,'Sr. Wilson Reis','jtoledo@example.org','2023-09-01 23:33:16','$2y$10$92IXUNpkjO0rOQ5byMi.Ye4oKoEa3Ro9llC/.og/at2.uheWG/igi','Re0N15ldF5','2023-09-01 23:33:16','2023-09-01 23:33:16'),(105,'Sr. Emerson Valentin Benites','uchoa.joao@example.com','2023-09-01 23:33:16','$2y$10$92IXUNpkjO0rOQ5byMi.Ye4oKoEa3Ro9llC/.og/at2.uheWG/igi','X2dWaxC9dt','2023-09-01 23:33:16','2023-09-01 23:33:16'),(106,'Sr. Hugo Carvalho Filho','bruno.madeira@example.net','2023-09-01 23:33:16','$2y$10$92IXUNpkjO0rOQ5byMi.Ye4oKoEa3Ro9llC/.og/at2.uheWG/igi','8f2NAAja8c','2023-09-01 23:33:16','2023-09-01 23:33:16'),(107,'Matias Marinho Santana Sobrinho','rosana17@example.net','2023-09-01 23:33:16','$2y$10$92IXUNpkjO0rOQ5byMi.Ye4oKoEa3Ro9llC/.og/at2.uheWG/igi','0h5RVPNABI','2023-09-01 23:33:16','2023-09-01 23:33:16'),(108,'Daniela Paes de Oliveira Neto','perola91@example.net','2023-09-01 23:33:16','$2y$10$92IXUNpkjO0rOQ5byMi.Ye4oKoEa3Ro9llC/.og/at2.uheWG/igi','0QwqcCau04','2023-09-01 23:33:16','2023-09-01 23:33:16'),(109,'Stella Franco Padilha Sobrinho','vvalentin@example.net','2023-09-01 23:33:16','$2y$10$92IXUNpkjO0rOQ5byMi.Ye4oKoEa3Ro9llC/.og/at2.uheWG/igi','2SlpJjwpxb','2023-09-01 23:33:16','2023-09-01 23:33:16'),(110,'Dr. Flor Cervantes Cordeiro Neto','equeiros@example.com','2023-09-01 23:33:16','$2y$10$92IXUNpkjO0rOQ5byMi.Ye4oKoEa3Ro9llC/.og/at2.uheWG/igi','RPcos7zpFs','2023-09-01 23:33:16','2023-09-01 23:33:16'),(111,'Danilo Maicon Neves','gcruz@example.com','2023-09-01 23:33:16','$2y$10$92IXUNpkjO0rOQ5byMi.Ye4oKoEa3Ro9llC/.og/at2.uheWG/igi','lwahMGe9aS','2023-09-01 23:33:16','2023-09-01 23:33:16'),(112,'Dr. Moisés Bezerra','ian.mendonca@example.org','2023-09-01 23:33:16','$2y$10$92IXUNpkjO0rOQ5byMi.Ye4oKoEa3Ro9llC/.og/at2.uheWG/igi','DHeK0hxwTc','2023-09-01 23:33:16','2023-09-01 23:33:16'),(113,'Dr. Sarah Aranda Zambrano Jr.','sandoval.fabricio@example.com','2023-09-01 23:33:16','$2y$10$92IXUNpkjO0rOQ5byMi.Ye4oKoEa3Ro9llC/.og/at2.uheWG/igi','BQndOQWWNV','2023-09-01 23:33:16','2023-09-01 23:33:16'),(114,'Sr. Anderson Matos Fernandes Filho','paes.kleber@example.com','2023-09-01 23:33:16','$2y$10$92IXUNpkjO0rOQ5byMi.Ye4oKoEa3Ro9llC/.og/at2.uheWG/igi','OOpcDEDFQF','2023-09-01 23:33:16','2023-09-01 23:33:16'),(115,'Gean Marques Jr.','marcio51@example.com','2023-09-01 23:33:16','$2y$10$92IXUNpkjO0rOQ5byMi.Ye4oKoEa3Ro9llC/.og/at2.uheWG/igi','RrYr2gwomj','2023-09-01 23:33:16','2023-09-01 23:33:16'),(116,'Clarice Molina Ramires','jbrito@example.org','2023-09-01 23:33:16','$2y$10$92IXUNpkjO0rOQ5byMi.Ye4oKoEa3Ro9llC/.og/at2.uheWG/igi','VFnXINMIej','2023-09-01 23:33:16','2023-09-01 23:33:16'),(117,'Paloma Montenegro Verdara Filho','delvalle.nayara@example.com','2023-09-01 23:33:16','$2y$10$92IXUNpkjO0rOQ5byMi.Ye4oKoEa3Ro9llC/.og/at2.uheWG/igi','6BOGLMb4Cw','2023-09-01 23:33:16','2023-09-01 23:33:16'),(118,'Andressa Rosa Rezende Filho','rgomes@example.net','2023-09-01 23:33:16','$2y$10$92IXUNpkjO0rOQ5byMi.Ye4oKoEa3Ro9llC/.og/at2.uheWG/igi','FN6uXuYXHX','2023-09-01 23:33:16','2023-09-01 23:33:16'),(119,'Elizabeth Fonseca Domingues','aparecida.carvalho@example.com','2023-09-01 23:33:16','$2y$10$92IXUNpkjO0rOQ5byMi.Ye4oKoEa3Ro9llC/.og/at2.uheWG/igi','T8WndPz1KY','2023-09-01 23:33:16','2023-09-01 23:33:16'),(120,'Sra. Valéria Valentin','antonieta.rocha@example.org','2023-09-01 23:33:16','$2y$10$92IXUNpkjO0rOQ5byMi.Ye4oKoEa3Ro9llC/.og/at2.uheWG/igi','ycTf0adwbG','2023-09-01 23:33:16','2023-09-01 23:33:16'),(121,'Srta. Noelí Ortiz Marin','padilha.maisa@example.org','2023-09-01 23:33:16','$2y$10$92IXUNpkjO0rOQ5byMi.Ye4oKoEa3Ro9llC/.og/at2.uheWG/igi','LccaILcuKt','2023-09-01 23:33:16','2023-09-01 23:33:16'),(122,'Regina Sueli Delatorre Neto','fidalgo.teo@example.com','2023-09-01 23:33:16','$2y$10$92IXUNpkjO0rOQ5byMi.Ye4oKoEa3Ro9llC/.og/at2.uheWG/igi','ML334WYGlK','2023-09-01 23:33:16','2023-09-01 23:33:16'),(123,'Dr. Mauro Abreu','lia.soares@example.net','2023-09-01 23:33:16','$2y$10$92IXUNpkjO0rOQ5byMi.Ye4oKoEa3Ro9llC/.og/at2.uheWG/igi','SyepfgptcH','2023-09-01 23:33:16','2023-09-01 23:33:16'),(124,'Sra. Stella Corona','pacheco.michele@example.net','2023-09-01 23:33:16','$2y$10$92IXUNpkjO0rOQ5byMi.Ye4oKoEa3Ro9llC/.og/at2.uheWG/igi','SfjwmtIhVQ','2023-09-01 23:33:16','2023-09-01 23:33:16'),(125,'Dr. Luna Alana Espinoza Jr.','natal24@example.com','2023-09-01 23:33:16','$2y$10$92IXUNpkjO0rOQ5byMi.Ye4oKoEa3Ro9llC/.og/at2.uheWG/igi','8lRnNTHQQj','2023-09-01 23:33:16','2023-09-01 23:33:16'),(126,'Sr. Leo Alessandro Salas Jr.','juliano29@example.com','2023-09-01 23:33:16','$2y$10$92IXUNpkjO0rOQ5byMi.Ye4oKoEa3Ro9llC/.og/at2.uheWG/igi','QsEqWeuZxy','2023-09-01 23:33:16','2023-09-01 23:33:16'),(127,'Sra. Andréa Zambrano Jr.','danilo.garcia@example.org','2023-09-01 23:33:16','$2y$10$92IXUNpkjO0rOQ5byMi.Ye4oKoEa3Ro9llC/.og/at2.uheWG/igi','qhDOAB1d7P','2023-09-01 23:33:16','2023-09-01 23:33:16'),(128,'Dr. Amélia Brito Sobrinho','rsaraiva@example.com','2023-09-01 23:33:16','$2y$10$92IXUNpkjO0rOQ5byMi.Ye4oKoEa3Ro9llC/.og/at2.uheWG/igi','6bSW2lglIP','2023-09-01 23:33:16','2023-09-01 23:33:16'),(129,'Sr. Mauro Natan Bonilha','diego.mendes@example.com','2023-09-01 23:33:16','$2y$10$92IXUNpkjO0rOQ5byMi.Ye4oKoEa3Ro9llC/.og/at2.uheWG/igi','C1sPnt0ewy','2023-09-01 23:33:16','2023-09-01 23:33:16'),(130,'Kelly Luzia Meireles','fernandes.sergio@example.org','2023-09-01 23:33:16','$2y$10$92IXUNpkjO0rOQ5byMi.Ye4oKoEa3Ro9llC/.og/at2.uheWG/igi','e6rL7z0v9S','2023-09-01 23:33:16','2023-09-01 23:33:16'),(131,'Sr. Tiago Wesley Matos Filho','pmedina@example.net','2023-09-01 23:33:16','$2y$10$92IXUNpkjO0rOQ5byMi.Ye4oKoEa3Ro9llC/.og/at2.uheWG/igi','0IbD6H6Krv','2023-09-01 23:33:16','2023-09-01 23:33:16'),(132,'Gael Cervantes Garcia Sobrinho','allison22@example.org','2023-09-01 23:33:16','$2y$10$92IXUNpkjO0rOQ5byMi.Ye4oKoEa3Ro9llC/.og/at2.uheWG/igi','oKn8mB3VGS','2023-09-01 23:33:16','2023-09-01 23:33:16'),(133,'Dr. Noa Deverso Corona','qperez@example.net','2023-09-01 23:33:16','$2y$10$92IXUNpkjO0rOQ5byMi.Ye4oKoEa3Ro9llC/.og/at2.uheWG/igi','PMt4a1KbfZ','2023-09-01 23:33:16','2023-09-01 23:33:16'),(134,'Sr. Natal Soto','betina.saraiva@example.org','2023-09-01 23:33:16','$2y$10$92IXUNpkjO0rOQ5byMi.Ye4oKoEa3Ro9llC/.og/at2.uheWG/igi','3DFPB4lBZF','2023-09-01 23:33:16','2023-09-01 23:33:16'),(135,'Joaquim Sepúlveda Correia','qvelasques@example.com','2023-09-01 23:33:16','$2y$10$92IXUNpkjO0rOQ5byMi.Ye4oKoEa3Ro9llC/.og/at2.uheWG/igi','QsMzCbRrII','2023-09-01 23:33:16','2023-09-01 23:33:16'),(136,'Sr. Samuel Delvalle Teles Filho','delgado.elis@example.net','2023-09-01 23:33:16','$2y$10$92IXUNpkjO0rOQ5byMi.Ye4oKoEa3Ro9llC/.og/at2.uheWG/igi','xARbAXUdNW','2023-09-01 23:33:16','2023-09-01 23:33:16'),(137,'Sra. Sheila Vega Matias Sobrinho','dfidalgo@example.net','2023-09-01 23:33:16','$2y$10$92IXUNpkjO0rOQ5byMi.Ye4oKoEa3Ro9llC/.og/at2.uheWG/igi','PkZJebj54C','2023-09-01 23:33:16','2023-09-01 23:33:16'),(138,'Sr. Demian Ferreira','isantacruz@example.org','2023-09-01 23:33:16','$2y$10$92IXUNpkjO0rOQ5byMi.Ye4oKoEa3Ro9llC/.og/at2.uheWG/igi','sbEGMb6Dcb','2023-09-01 23:33:16','2023-09-01 23:33:16'),(139,'Antonieta Maia','luna.bittencourt@example.com','2023-09-01 23:33:16','$2y$10$92IXUNpkjO0rOQ5byMi.Ye4oKoEa3Ro9llC/.og/at2.uheWG/igi','lhH9aUqJEy','2023-09-01 23:33:16','2023-09-01 23:33:16'),(140,'Dr. Allison Urias Sobrinho','zromero@example.net','2023-09-01 23:33:16','$2y$10$92IXUNpkjO0rOQ5byMi.Ye4oKoEa3Ro9llC/.og/at2.uheWG/igi','qHMavzqXo7','2023-09-01 23:33:16','2023-09-01 23:33:16'),(141,'Thalissa Uchoa','valdez.nicolas@example.com','2023-09-01 23:33:16','$2y$10$92IXUNpkjO0rOQ5byMi.Ye4oKoEa3Ro9llC/.og/at2.uheWG/igi','eIzIppiWkp','2023-09-01 23:33:16','2023-09-01 23:33:16'),(142,'Daiane Saito Galvão','luiza01@example.org','2023-09-01 23:33:16','$2y$10$92IXUNpkjO0rOQ5byMi.Ye4oKoEa3Ro9llC/.og/at2.uheWG/igi','Z2BSFC4BmP','2023-09-01 23:33:16','2023-09-01 23:33:16'),(143,'Sra. Noemi Dirce Roque Neto','benez.nayara@example.org','2023-09-01 23:33:16','$2y$10$92IXUNpkjO0rOQ5byMi.Ye4oKoEa3Ro9llC/.og/at2.uheWG/igi','BmYVKZVBJx','2023-09-01 23:33:16','2023-09-01 23:33:16'),(144,'Dr. Maiara Márcia Perez','priscila31@example.net','2023-09-01 23:33:16','$2y$10$92IXUNpkjO0rOQ5byMi.Ye4oKoEa3Ro9llC/.og/at2.uheWG/igi','5oA3i8sQCI','2023-09-01 23:33:16','2023-09-01 23:33:16'),(145,'Adriele Taís Domingues Filho','tdelgado@example.net','2023-09-01 23:33:16','$2y$10$92IXUNpkjO0rOQ5byMi.Ye4oKoEa3Ro9llC/.og/at2.uheWG/igi','67iWJGqWcn','2023-09-01 23:33:16','2023-09-01 23:33:16'),(146,'Daniele Soto','rabreu@example.com','2023-09-01 23:33:16','$2y$10$92IXUNpkjO0rOQ5byMi.Ye4oKoEa3Ro9llC/.og/at2.uheWG/igi','pYXUasyjBb','2023-09-01 23:33:16','2023-09-01 23:33:16'),(147,'Joyce Delatorre Zamana','jsalgado@example.net','2023-09-01 23:33:16','$2y$10$92IXUNpkjO0rOQ5byMi.Ye4oKoEa3Ro9llC/.og/at2.uheWG/igi','aSyTrmL9wn','2023-09-01 23:33:16','2023-09-01 23:33:16'),(148,'Sr. Sergio Matias Verdugo Sobrinho','cgrego@example.net','2023-09-01 23:33:16','$2y$10$92IXUNpkjO0rOQ5byMi.Ye4oKoEa3Ro9llC/.og/at2.uheWG/igi','DYFMdxh5zZ','2023-09-01 23:33:16','2023-09-01 23:33:16'),(149,'Sr. Ronaldo Prado D\'ávila Jr.','teobaldo.cervantes@example.org','2023-09-01 23:33:16','$2y$10$92IXUNpkjO0rOQ5byMi.Ye4oKoEa3Ro9llC/.og/at2.uheWG/igi','VxUCKEPBhw','2023-09-01 23:33:16','2023-09-01 23:33:16'),(150,'Henrique Lovato Urias Sobrinho','zrios@example.org','2023-09-01 23:33:16','$2y$10$92IXUNpkjO0rOQ5byMi.Ye4oKoEa3Ro9llC/.og/at2.uheWG/igi','rJaMWA6U4F','2023-09-01 23:33:16','2023-09-01 23:33:16'),(151,'Laura Paola Santiago','eduarte@example.org','2023-09-01 23:33:16','$2y$10$92IXUNpkjO0rOQ5byMi.Ye4oKoEa3Ro9llC/.og/at2.uheWG/igi','8MDz0DOT6B','2023-09-01 23:33:16','2023-09-01 23:33:16'),(152,'Sr. Valentin Mendonça da Cruz Jr.','prado.augusto@example.com','2023-09-01 23:33:16','$2y$10$92IXUNpkjO0rOQ5byMi.Ye4oKoEa3Ro9llC/.og/at2.uheWG/igi','EFYuwaqtxO','2023-09-01 23:33:16','2023-09-01 23:33:16'),(153,'Regina Lutero','melina30@example.com','2023-09-01 23:33:16','$2y$10$92IXUNpkjO0rOQ5byMi.Ye4oKoEa3Ro9llC/.og/at2.uheWG/igi','v7jOkK1XMM','2023-09-01 23:33:16','2023-09-01 23:33:16'),(154,'Agostinho Sergio Paes Sobrinho','tbittencourt@example.net','2023-09-01 23:33:16','$2y$10$92IXUNpkjO0rOQ5byMi.Ye4oKoEa3Ro9llC/.og/at2.uheWG/igi','5UwpXvKKQZ','2023-09-01 23:33:16','2023-09-01 23:33:16'),(155,'Emerson Aranda Jr.','moises.urias@example.org','2023-09-01 23:33:16','$2y$10$92IXUNpkjO0rOQ5byMi.Ye4oKoEa3Ro9llC/.og/at2.uheWG/igi','XUs6QFEyPd','2023-09-01 23:33:16','2023-09-01 23:33:16'),(156,'Santiago Fidalgo Filho','elisa92@example.com','2023-09-01 23:33:16','$2y$10$92IXUNpkjO0rOQ5byMi.Ye4oKoEa3Ro9llC/.og/at2.uheWG/igi','tO7xrnk6IV','2023-09-01 23:33:16','2023-09-01 23:33:16'),(157,'Alma Burgos Rosa','maiara.cortes@example.com','2023-09-01 23:33:16','$2y$10$92IXUNpkjO0rOQ5byMi.Ye4oKoEa3Ro9llC/.og/at2.uheWG/igi','neCL8XkaVX','2023-09-01 23:33:16','2023-09-01 23:33:16'),(158,'Sr. Teobaldo Mendes Gonçalves','jaqueline36@example.net','2023-09-01 23:33:16','$2y$10$92IXUNpkjO0rOQ5byMi.Ye4oKoEa3Ro9llC/.og/at2.uheWG/igi','Ok15QctPIX','2023-09-01 23:33:16','2023-09-01 23:33:16'),(159,'Dr. Nelson Faro Medina','mcaldeira@example.net','2023-09-01 23:33:16','$2y$10$92IXUNpkjO0rOQ5byMi.Ye4oKoEa3Ro9llC/.og/at2.uheWG/igi','0qUtATIyhi','2023-09-01 23:33:16','2023-09-01 23:33:16'),(160,'Paulina Zaragoça Vale','debora15@example.org','2023-09-01 23:33:16','$2y$10$92IXUNpkjO0rOQ5byMi.Ye4oKoEa3Ro9llC/.og/at2.uheWG/igi','TttmkN2Cyl','2023-09-01 23:33:16','2023-09-01 23:33:16'),(161,'Dr. Elaine Abreu Gomes','walter19@example.com','2023-09-01 23:33:16','$2y$10$92IXUNpkjO0rOQ5byMi.Ye4oKoEa3Ro9llC/.og/at2.uheWG/igi','8neSb4auVO','2023-09-01 23:33:16','2023-09-01 23:33:16');
/*!40000 ALTER TABLE `users` ENABLE KEYS */;
UNLOCK TABLES;
/*!40103 SET TIME_ZONE=@OLD_TIME_ZONE */;

/*!40101 SET SQL_MODE=@OLD_SQL_MODE */;
/*!40014 SET FOREIGN_KEY_CHECKS=@OLD_FOREIGN_KEY_CHECKS */;
/*!40014 SET UNIQUE_CHECKS=@OLD_UNIQUE_CHECKS */;
/*!40101 SET CHARACTER_SET_CLIENT=@OLD_CHARACTER_SET_CLIENT */;
/*!40101 SET CHARACTER_SET_RESULTS=@OLD_CHARACTER_SET_RESULTS */;
/*!40101 SET COLLATION_CONNECTION=@OLD_COLLATION_CONNECTION */;
/*!40111 SET SQL_NOTES=@OLD_SQL_NOTES */;

-- Dump completed on 2023-09-04 19:44:37
